meta_datetime,meta_git,params_batch,params_dropout,params_early_stopping,params_eps_decay,params_epsilon,params_gamma,params_layers,params_learning_rate,params_max_turns,params_min_epsilon,params_n_update,params_replay_nb_batch,params_reward_optimisation,params_soft_update,params_tau,params_verbose,scores_1000_average,scores_1000_maximum,scores_1000_minimum,scores_1000_weird_metric,scores_100_average,scores_100_maximum,scores_100_minimum,scores_100_weird_metric,scores_1100_average,scores_1100_maximum,scores_1100_minimum,scores_1100_weird_metric,scores_1200_average,scores_1200_maximum,scores_1200_minimum,scores_1200_weird_metric,scores_1300_average,scores_1300_maximum,scores_1300_minimum,scores_1300_weird_metric,scores_1400_average,scores_1400_maximum,scores_1400_minimum,scores_1400_weird_metric,scores_1500_average,scores_1500_maximum,scores_1500_minimum,scores_1500_weird_metric,scores_200_average,scores_200_maximum,scores_200_minimum,scores_200_weird_metric,scores_300_average,scores_300_maximum,scores_300_minimum,scores_300_weird_metric,scores_400_average,scores_400_maximum,scores_400_minimum,scores_400_weird_metric,scores_500_average,scores_500_maximum,scores_500_minimum,scores_500_weird_metric,scores_600_average,scores_600_maximum,scores_600_minimum,scores_600_weird_metric,scores_700_average,scores_700_maximum,scores_700_minimum,scores_700_weird_metric,scores_800_average,scores_800_maximum,scores_800_minimum,scores_800_weird_metric,scores_900_average,scores_900_maximum,scores_900_minimum,scores_900_weird_metric
13-02 12:41,473a1aa676e43996b2a12e6fe3c8cb844355ef57,52,0.375,False,0.99,0.5,1.0,"[4, 8, 16, 32, 2]",0.001,800,0.01,152,2,False,True,0.5,2,9.413333333333334,9.48,9.33,4.442857142857143,9.366666666666667,9.5,9.26,4.409523809523809,9.406666666666666,9.5,9.39,4.4714285714285715,9.326666666666666,9.33,9.23,4.395238095238096,9.42,9.39,9.32,4.438095238095238,9.293333333333333,9.39,9.27,4.414285714285714,9.4,9.48,9.27,4.414285714285714,9.266666666666667,9.27,9.21,4.385714285714286,9.3,9.32,9.23,4.395238095238096,9.386666666666667,9.43,9.34,4.447619047619048,9.453333333333333,9.5,9.39,4.4714285714285715,9.333333333333334,9.34,9.21,4.385714285714286,9.433333333333334,9.51,9.42,4.485714285714286,9.32,9.34,9.28,4.4190476190476184,9.353333333333333,9.39,9.32,4.438095238095238
13-02 12:41,473a1aa676e43996b2a12e6fe3c8cb844355ef57,52,0.375,False,0.99,0.5,1.0,"[4, 8, 16, 32, 2]",0.001,800,0.01,152,2,False,True,0.5,2,9.406666666666666,9.47,9.39,4.4714285714285715,9.393333333333333,9.43,9.3,4.428571428571429,9.38,9.47,9.34,4.447619047619048,9.406666666666666,9.46,9.38,4.466666666666667,9.346666666666666,9.35,9.29,4.423809523809523,9.42,9.49,9.35,4.452380952380952,9.346666666666666,9.35,9.27,4.414285714285714,9.266666666666667,9.28,9.17,4.366666666666666,9.513333333333334,9.55,9.42,4.485714285714286,9.366666666666667,9.41,9.33,4.442857142857143,9.473333333333333,9.52,9.38,4.466666666666667,9.413333333333334,9.49,9.35,4.452380952380952,9.413333333333334,9.49,9.43,4.4904761904761905,9.306666666666667,9.35,9.25,4.404761904761904,9.3,9.37,9.27,4.414285714285714
13-02 12:50,473a1aa676e43996b2a12e6fe3c8cb844355ef57,115,0.0,False,0.995,0.5,1.0,"[4, 6, 8, 4, 2]",0.005,800,0.3,10,0,False,True,0.4,2,9.28,9.31,9.22,4.390476190476191,9.246666666666666,9.31,9.18,4.371428571428571,9.42,9.45,9.37,4.461904761904761,9.32,9.31,9.25,4.404761904761904,9.366666666666667,9.4,9.33,4.442857142857143,9.233333333333333,9.3,9.16,4.3619047619047615,9.333333333333334,9.37,9.29,4.423809523809523,9.366666666666667,9.45,9.3,4.428571428571429,9.313333333333333,9.45,9.25,4.404761904761904,9.386666666666667,9.48,9.34,4.447619047619048,9.38,9.42,9.31,4.433333333333334,9.393333333333333,9.43,9.38,4.466666666666667,9.326666666666666,9.35,9.3,4.428571428571429,9.533333333333333,9.57,9.44,4.495238095238095,9.373333333333333,9.43,9.25,4.404761904761904
13-02 12:50,473a1aa676e43996b2a12e6fe3c8cb844355ef57,115,0.0,False,0.995,0.5,1.0,"[4, 6, 8, 4, 2]",0.005,800,0.3,10,0,False,True,0.4,2,9.286666666666667,9.35,9.29,4.423809523809523,9.36,9.39,9.33,4.442857142857143,9.42,9.45,9.34,4.447619047619048,9.306666666666667,9.33,9.24,4.4,9.413333333333334,9.49,9.34,4.447619047619048,9.393333333333333,9.48,9.38,4.466666666666667,9.293333333333333,9.39,9.3,4.428571428571429,9.313333333333333,9.44,9.32,4.438095238095238,9.293333333333333,9.36,9.27,4.414285714285714,9.4,9.37,9.3,4.428571428571429,9.326666666666666,9.38,9.31,4.433333333333334,9.366666666666667,9.45,9.34,4.447619047619048,9.346666666666666,9.38,9.28,4.4190476190476184,9.353333333333333,9.43,9.29,4.423809523809523,9.353333333333333,9.43,9.29,4.423809523809523
13-02 12:53,473a1aa676e43996b2a12e6fe3c8cb844355ef57,73,0.25,False,0.999,0.75,1.0,"[4, 6, 8, 4, 2]",0.001,1000,0.3,10,2,False,True,0.2,2,199.98,200.0,199.97,798.9300000000001,25.486666666666668,25.59,25.23,12.014285714285714,199.93333333333334,199.94,199.9,798.9300000000001,199.98,199.97,199.97,798.9300000000001,200.0,200.0,200.0,798.9300000000001,166.48666666666668,169.83,164.28,798.9300000000001,189.88,191.38,187.69,798.9300000000001,38.75333333333333,38.88,38.29,18.23333333333333,165.89333333333335,168.83,166.34,79.2095238095238,162.39333333333335,163.41,160.02,76.2,173.15333333333334,175.07,172.51,82.14761904761905,179.12666666666667,181.32,179.0,85.23809523809524,189.88666666666666,190.7,189.72,90.34285714285714,193.48,194.4,192.87,91.84285714285714,198.32,198.25,197.86,798.9300000000001
13-02 12:53,473a1aa676e43996b2a12e6fe3c8cb844355ef57,73,0.25,False,0.999,0.75,1.0,"[4, 6, 8, 4, 2]",0.001,1000,0.3,10,2,False,True,0.2,2,200.0,200.0,200.0,1199.605,33.61333333333334,34.7,33.19,15.804761904761904,200.0,200.0,200.0,1199.605,200.0,200.0,200.0,1199.605,199.91333333333333,199.96,199.88,1199.605,200.0,200.0,200.0,1199.605,200.0,200.0,200.0,1199.605,31.32,31.64,30.93,14.728571428571428,107.25333333333333,108.01,106.78,50.84761904761905,159.66,160.55,157.89,75.18571428571427,199.32,199.62,199.21,1199.605,197.42666666666668,198.07,196.83,1199.605,196.27333333333334,197.12,195.94,1199.605,199.86,199.93,199.82,1199.605,199.84,200.0,199.87,1199.605
13-02 13:14,473a1aa676e43996b2a12e6fe3c8cb844355ef57,200,0.125,True,0.99,0.625,0.75,"[4, 64, 128, 2]",0.0005,1000,0.01,105,0,True,True,0.4,2,9.246666666666666,9.33,9.22,4.390476190476191,9.32,9.42,9.32,4.438095238095238,9.393333333333333,9.44,9.34,4.447619047619048,9.413333333333334,9.43,9.35,4.452380952380952,9.306666666666667,9.32,9.23,4.395238095238096,9.293333333333333,9.37,9.26,4.409523809523809,9.286666666666667,9.3,9.22,4.390476190476191,9.353333333333333,9.4,9.3,4.428571428571429,9.306666666666667,9.31,9.22,4.390476190476191,9.386666666666667,9.49,9.38,4.466666666666667,9.246666666666666,9.32,9.2,4.3809523809523805,9.273333333333333,9.41,9.29,4.423809523809523,9.366666666666667,9.47,9.36,4.457142857142856,9.346666666666666,9.4,9.21,4.385714285714286,9.38,9.41,9.31,4.433333333333334
13-02 13:14,473a1aa676e43996b2a12e6fe3c8cb844355ef57,200,0.125,True,0.99,0.625,0.75,"[4, 64, 128, 2]",0.0005,1000,0.01,105,0,True,True,0.4,2,9.353333333333333,9.4,9.32,4.438095238095238,9.46,9.52,9.44,4.495238095238095,9.36,9.43,9.37,4.461904761904761,9.413333333333334,9.46,9.39,4.4714285714285715,9.3,9.32,9.23,4.395238095238096,9.486666666666666,9.49,9.37,4.461904761904761,9.386666666666667,9.42,9.28,4.4190476190476184,9.393333333333333,9.43,9.29,4.423809523809523,9.38,9.35,9.24,4.4,9.406666666666666,9.42,9.34,4.447619047619048,9.453333333333333,9.54,9.37,4.461904761904761,9.406666666666666,9.45,9.32,4.438095238095238,9.313333333333333,9.35,9.26,4.409523809523809,9.366666666666667,9.42,9.33,4.442857142857143,9.393333333333333,9.42,9.34,4.447619047619048
13-02 13:19,473a1aa676e43996b2a12e6fe3c8cb844355ef57,178,0.5,False,0.99,1.0,0.75,"[4, 16, 256, 2]",0.001,800,0.22749999999999998,200,2,False,False,0.4,2,9.38,9.49,9.36,4.457142857142856,9.4,9.42,9.33,4.442857142857143,9.306666666666667,9.35,9.27,4.414285714285714,9.36,9.36,9.31,4.433333333333334,9.38,9.41,9.34,4.447619047619048,9.373333333333333,9.45,9.32,4.438095238095238,9.32,9.37,9.3,4.428571428571429,9.473333333333333,9.57,9.48,4.514285714285714,9.286666666666667,9.36,9.22,4.390476190476191,9.386666666666667,9.4,9.27,4.414285714285714,9.4,9.44,9.34,4.447619047619048,9.366666666666667,9.4,9.34,4.447619047619048,9.406666666666666,9.47,9.33,4.442857142857143,9.36,9.42,9.33,4.442857142857143,9.34,9.39,9.33,4.442857142857143
13-02 13:19,473a1aa676e43996b2a12e6fe3c8cb844355ef57,178,0.5,False,0.99,1.0,0.75,"[4, 16, 256, 2]",0.001,800,0.22749999999999998,200,2,False,False,0.4,2,9.366666666666667,9.38,9.3,4.428571428571429,9.36,9.36,9.28,4.4190476190476184,9.24,9.31,9.19,4.376190476190476,9.38,9.43,9.32,4.438095238095238,9.413333333333334,9.45,9.37,4.461904761904761,9.226666666666667,9.26,9.18,4.371428571428571,9.333333333333334,9.34,9.24,4.4,9.306666666666667,9.39,9.22,4.390476190476191,9.333333333333334,9.36,9.26,4.409523809523809,9.353333333333333,9.41,9.28,4.4190476190476184,9.453333333333333,9.5,9.4,4.476190476190476,9.426666666666666,9.5,9.37,4.461904761904761,9.4,9.46,9.34,4.447619047619048,9.4,9.42,9.34,4.447619047619048,9.373333333333333,9.46,9.26,4.409523809523809
13-02 13:38,473a1aa676e43996b2a12e6fe3c8cb844355ef57,178,0.125,True,0.999,0.75,0.625,"[4, 64, 128, 2]",0.001,200,0.01,10,2,True,True,0.1,2,197.98,198.46,197.69,998.165,25.06,25.39,24.78,11.8,199.46666666666667,199.55,199.2,998.165,200.0,200.0,200.0,998.165,200.0,200.0,200.0,998.165,200.0,200.0,200.0,998.165,200.0,200.0,200.0,998.165,166.01333333333332,172.69,163.19,77.7095238095238,123.56,126.49,120.05,57.166666666666664,175.1,178.43,173.75,82.73809523809524,181.42,182.28,178.41,84.95714285714286,189.5,190.96,188.66,89.83809523809524,196.8,197.76,196.33,998.165,200.0,200.0,200.0,998.165,199.15333333333334,199.81,198.73,998.165
13-02 13:38,473a1aa676e43996b2a12e6fe3c8cb844355ef57,178,0.125,True,0.999,0.75,0.625,"[4, 64, 128, 2]",0.001,200,0.01,10,2,True,True,0.1,2,171.36666666666667,170.92,168.88,80.41904761904762,25.473333333333333,25.75,23.88,11.37142857142857,199.74,199.82,199.67,599.835,200.0,200.0,200.0,599.835,200.0,200.0,200.0,599.835,200.0,200.0,200.0,599.835,200.0,200.0,200.0,599.835,73.57333333333334,75.3,71.95,34.26190476190476,118.63333333333334,121.45,116.97,55.699999999999996,129.94666666666666,132.17,127.86,60.885714285714286,143.64666666666668,146.99,142.29,67.75714285714285,156.30666666666667,162.18,153.87,73.27142857142857,156.98,158.99,153.68,73.18095238095238,130.51333333333332,132.81,127.16,60.55238095238095,164.70666666666668,167.39,164.54,78.35238095238094
13-02 14:14,473a1aa676e43996b2a12e6fe3c8cb844355ef57,157,0.375,False,0.999,0.625,0.5,"[4, 64, 128, 2]",0.005,400,0.155,200,2,True,False,0.5,2,9.893333333333333,10.02,9.89,4.70952380952381,9.38,9.49,9.32,4.438095238095238,9.94,9.98,9.88,4.704761904761905,10.786666666666667,10.89,10.57,5.033333333333333,10.66,10.86,10.49,4.995238095238095,12.606666666666667,13.08,12.46,5.933333333333334,12.406666666666666,12.83,12.0,5.714285714285714,9.586666666666666,9.64,9.55,4.5476190476190474,9.38,9.41,9.29,4.423809523809523,9.213333333333333,9.29,9.2,4.3809523809523805,9.273333333333333,9.36,9.25,4.404761904761904,9.346666666666666,9.47,9.3,4.428571428571429,9.333333333333334,9.34,9.29,4.423809523809523,9.44,9.47,9.41,4.480952380952381,9.373333333333333,9.39,9.31,4.433333333333334
13-02 14:14,473a1aa676e43996b2a12e6fe3c8cb844355ef57,157,0.375,False,0.999,0.625,0.5,"[4, 64, 128, 2]",0.005,400,0.155,200,2,True,False,0.5,2,9.44,9.45,9.38,4.466666666666667,9.433333333333334,9.42,9.3,4.428571428571429,9.42,9.48,9.39,4.4714285714285715,9.393333333333333,9.45,9.3,4.428571428571429,9.446666666666667,9.56,9.4,4.476190476190476,9.42,9.52,9.37,4.461904761904761,9.24,9.29,9.2,4.3809523809523805,9.733333333333333,9.79,9.66,4.6,9.686666666666667,9.72,9.58,4.561904761904762,9.38,9.4,9.29,4.423809523809523,9.38,9.45,9.29,4.423809523809523,9.493333333333334,9.59,9.43,4.4904761904761905,9.366666666666667,9.47,9.23,4.395238095238096,9.353333333333333,9.39,9.27,4.414285714285714,9.36,9.33,9.25,4.404761904761904
13-02 14:30,473a1aa676e43996b2a12e6fe3c8cb844355ef57,157,0.0,True,0.995,0.75,0.5,"[4, 8, 16, 32, 2]",0.0005,600,0.22749999999999998,152,0,True,False,0.1,2,9.293333333333333,9.35,9.23,4.395238095238096,9.366666666666667,9.39,9.28,4.4190476190476184,9.34,9.39,9.31,4.433333333333334,9.346666666666666,9.41,9.31,4.433333333333334,9.426666666666666,9.46,9.39,4.4714285714285715,9.393333333333333,9.43,9.35,4.452380952380952,9.4,9.49,9.38,4.466666666666667,9.36,9.42,9.34,4.447619047619048,9.293333333333333,9.31,9.25,4.404761904761904,9.373333333333333,9.43,9.37,4.461904761904761,9.273333333333333,9.31,9.25,4.404761904761904,9.333333333333334,9.41,9.31,4.433333333333334,9.46,9.47,9.38,4.466666666666667,9.426666666666666,9.49,9.34,4.447619047619048,9.366666666666667,9.4,9.3,4.428571428571429
13-02 14:30,473a1aa676e43996b2a12e6fe3c8cb844355ef57,157,0.0,True,0.995,0.75,0.5,"[4, 8, 16, 32, 2]",0.0005,600,0.22749999999999998,152,0,True,False,0.1,2,9.353333333333333,9.35,9.29,4.423809523809523,9.366666666666667,9.45,9.33,4.442857142857143,9.34,9.32,9.27,4.414285714285714,9.286666666666667,9.36,9.25,4.404761904761904,9.366666666666667,9.42,9.28,4.4190476190476184,9.42,9.49,9.39,4.4714285714285715,9.42,9.48,9.37,4.461904761904761,9.44,9.51,9.43,4.4904761904761905,9.36,9.39,9.32,4.438095238095238,9.386666666666667,9.4,9.32,4.438095238095238,9.433333333333334,9.45,9.36,4.457142857142856,9.273333333333333,9.3,9.23,4.395238095238096,9.393333333333333,9.52,9.34,4.447619047619048,9.4,9.38,9.34,4.447619047619048,9.393333333333333,9.45,9.34,4.447619047619048
13-02 14:34,473a1aa676e43996b2a12e6fe3c8cb844355ef57,94,0.0,True,0.99,0.625,1.0,"[4, 8, 16, 32, 2]",0.001,1000,0.22749999999999998,152,7,True,False,0.1,2,9.526666666666667,9.69,9.53,4.538095238095238,9.32,9.37,9.26,4.409523809523809,13.84,14.74,13.46,6.40952380952381,13.88,14.25,13.49,6.423809523809524,22.14666666666667,22.69,21.75,10.357142857142856,25.64,26.01,24.08,11.466666666666665,24.84,25.25,22.93,10.91904761904762,9.586666666666666,9.61,9.51,4.5285714285714285,9.52,9.63,9.47,4.5095238095238095,9.533333333333333,9.56,9.49,4.519047619047619,9.346666666666666,9.37,9.28,4.4190476190476184,9.446666666666667,9.47,9.4,4.476190476190476,9.426666666666666,9.43,9.37,4.461904761904761,9.34,9.43,9.3,4.428571428571429,9.346666666666666,9.41,9.3,4.428571428571429
13-02 14:34,473a1aa676e43996b2a12e6fe3c8cb844355ef57,94,0.0,True,0.99,0.625,1.0,"[4, 8, 16, 32, 2]",0.001,1000,0.22749999999999998,152,7,True,False,0.1,2,9.733333333333333,9.93,9.71,4.623809523809524,9.266666666666667,9.39,9.24,4.4,9.92,10.11,9.94,4.7333333333333325,9.906666666666666,10.08,9.91,4.719047619047619,9.493333333333334,9.61,9.41,4.480952380952381,12.786666666666667,13.39,12.39,5.9,11.013333333333334,11.13,10.57,5.033333333333333,9.533333333333333,9.57,9.46,4.504761904761905,9.466666666666667,9.51,9.4,4.476190476190476,9.613333333333333,9.75,9.5,4.523809523809524,9.586666666666666,9.64,9.54,4.542857142857142,9.613333333333333,9.65,9.51,4.5285714285714285,9.28,9.31,9.19,4.376190476190476,9.373333333333333,9.42,9.33,4.442857142857143,9.26,9.3,9.17,4.366666666666666
13-02 15:01,473a1aa676e43996b2a12e6fe3c8cb844355ef57,157,0.0,False,0.995,0.625,0.5,"[4, 6, 8, 4, 2]",0.0005,800,0.22749999999999998,57,2,False,True,0.1,2,10.393333333333333,10.48,10.32,4.914285714285715,9.4,9.44,9.37,4.461904761904761,10.94,10.99,10.84,5.161904761904761,12.666666666666666,12.87,12.56,5.980952380952381,15.833333333333334,15.89,15.72,7.485714285714286,26.093333333333334,26.22,25.99,12.376190476190475,28.873333333333335,29.08,28.81,13.719047619047618,9.34,9.37,9.31,4.433333333333334,9.406666666666666,9.42,9.32,4.438095238095238,9.406666666666666,9.44,9.32,4.438095238095238,9.313333333333333,9.33,9.25,4.404761904761904,9.38,9.39,9.26,4.409523809523809,9.386666666666667,9.42,9.36,4.457142857142856,9.32,9.35,9.27,4.414285714285714,9.393333333333333,9.48,9.39,4.4714285714285715
13-02 15:01,473a1aa676e43996b2a12e6fe3c8cb844355ef57,157,0.0,False,0.995,0.625,0.5,"[4, 6, 8, 4, 2]",0.0005,800,0.22749999999999998,57,2,False,True,0.1,2,10.086666666666666,10.23,10.0,4.761904761904762,9.3,9.35,9.23,4.395238095238096,13.446666666666667,13.47,13.29,6.328571428571428,15.513333333333334,15.71,15.56,7.40952380952381,18.64,18.68,18.45,8.785714285714285,27.673333333333332,27.79,27.24,12.97142857142857,79.16666666666667,84.2,79.4,37.80952380952381,9.333333333333334,9.37,9.28,4.4190476190476184,9.426666666666666,9.48,9.36,4.457142857142856,9.46,9.51,9.43,4.4904761904761905,9.34,9.35,9.26,4.409523809523809,9.313333333333333,9.4,9.3,4.428571428571429,9.333333333333334,9.37,9.27,4.414285714285714,9.413333333333334,9.54,9.38,4.466666666666667,9.506666666666666,9.57,9.48,4.514285714285714
13-02 15:14,473a1aa676e43996b2a12e6fe3c8cb844355ef57,73,0.0,True,0.99,1.0,0.75,"[4, 8, 16, 32, 64, 2]",0.01,600,0.22749999999999998,152,5,True,True,0.1,2,9.466666666666667,9.49,9.38,4.466666666666667,9.42,9.47,9.3,4.428571428571429,10.633333333333333,10.82,10.23,4.871428571428571,10.693333333333333,10.78,10.24,4.876190476190476,17.30666666666667,18.76,17.76,8.457142857142857,12.486666666666666,12.77,11.88,5.6571428571428575,12.413333333333334,12.73,12.24,5.828571428571428,9.8,9.86,9.77,4.652380952380952,9.833333333333334,9.89,9.72,4.628571428571429,9.606666666666667,9.66,9.52,4.533333333333333,9.813333333333333,9.83,9.74,4.638095238095238,9.973333333333333,10.04,9.97,4.747619047619048,9.326666666666666,9.36,9.27,4.414285714285714,9.8,9.84,9.72,4.628571428571429,9.773333333333333,9.79,9.68,4.609523809523809
13-02 15:14,473a1aa676e43996b2a12e6fe3c8cb844355ef57,73,0.0,True,0.99,1.0,0.75,"[4, 8, 16, 32, 64, 2]",0.01,600,0.22749999999999998,152,5,True,True,0.1,2,9.5,9.62,9.42,4.485714285714286,9.386666666666667,9.44,9.34,4.447619047619048,9.373333333333333,9.43,9.32,4.438095238095238,9.32,9.39,9.3,4.428571428571429,11.126666666666667,11.55,10.61,5.052380952380952,10.433333333333334,10.63,10.31,4.90952380952381,10.32,10.57,10.13,4.8238095238095235,9.76,9.81,9.72,4.628571428571429,9.873333333333333,9.99,9.86,4.6952380952380945,9.426666666666666,9.51,9.4,4.476190476190476,9.326666666666666,9.38,9.2,4.3809523809523805,9.42,9.44,9.32,4.438095238095238,9.4,9.51,9.28,4.4190476190476184,9.42,9.53,9.38,4.466666666666667,9.46,9.44,9.31,4.433333333333334
13-02 15:30,473a1aa676e43996b2a12e6fe3c8cb844355ef57,31,0.375,True,0.999,0.625,1.0,"[4, 6, 8, 4, 2]",0.01,400,0.01,200,2,True,True,0.5,2,9.626666666666667,9.62,9.57,4.557142857142857,9.36,9.4,9.32,4.438095238095238,9.606666666666667,9.67,9.56,4.552380952380952,11.353333333333333,11.66,11.05,5.261904761904762,11.126666666666667,11.3,10.9,5.190476190476191,15.666666666666666,16.09,15.32,7.295238095238095,16.766666666666666,17.65,16.26,7.742857142857143,9.44,9.54,9.37,4.461904761904761,9.32,9.36,9.25,4.404761904761904,9.426666666666666,9.51,9.4,4.476190476190476,9.48,9.54,9.42,4.485714285714286,9.38,9.48,9.34,4.447619047619048,9.393333333333333,9.39,9.3,4.428571428571429,9.306666666666667,9.33,9.25,4.404761904761904,9.486666666666666,9.56,9.42,4.485714285714286
13-02 15:30,473a1aa676e43996b2a12e6fe3c8cb844355ef57,31,0.375,True,0.999,0.625,1.0,"[4, 6, 8, 4, 2]",0.01,400,0.01,200,2,True,True,0.5,2,10.273333333333333,10.47,9.87,4.699999999999999,9.4,9.43,9.33,4.442857142857143,10.68,10.96,10.42,4.961904761904762,9.286666666666667,9.31,9.22,4.390476190476191,9.326666666666666,9.4,9.31,4.433333333333334,9.36,9.44,9.29,4.423809523809523,9.353333333333333,9.38,9.27,4.414285714285714,9.42,9.53,9.37,4.461904761904761,9.36,9.43,9.34,4.447619047619048,10.933333333333334,10.95,10.53,5.014285714285713,11.246666666666666,11.52,10.85,5.166666666666666,11.933333333333334,12.69,11.4,5.428571428571429,10.36,10.58,10.43,4.966666666666666,9.866666666666667,9.99,9.91,4.719047619047619,9.886666666666667,9.92,9.77,4.652380952380952
13-02 15:37,473a1aa676e43996b2a12e6fe3c8cb844355ef57,136,0.125,False,0.99,0.5,1.0,"[4, 6, 8, 4, 2]",0.001,600,0.3,200,10,False,True,0.30000000000000004,2,9.34,9.35,9.28,4.4190476190476184,9.44,9.49,9.38,4.466666666666667,9.38,9.46,9.34,4.447619047619048,9.34,9.43,9.34,4.447619047619048,9.406666666666666,9.49,9.41,4.480952380952381,9.246666666666666,9.32,9.15,4.357142857142857,9.373333333333333,9.43,9.36,4.457142857142856,9.326666666666666,9.31,9.23,4.395238095238096,9.38,9.4,9.3,4.428571428571429,9.34,9.39,9.33,4.442857142857143,9.28,9.35,9.24,4.4,9.366666666666667,9.42,9.31,4.433333333333334,9.306666666666667,9.44,9.23,4.395238095238096,9.52,9.55,9.46,4.504761904761905,9.3,9.34,9.18,4.371428571428571
13-02 15:37,473a1aa676e43996b2a12e6fe3c8cb844355ef57,136,0.125,False,0.99,0.5,1.0,"[4, 6, 8, 4, 2]",0.001,600,0.3,200,10,False,True,0.30000000000000004,2,9.413333333333334,9.54,9.36,4.457142857142856,9.32,9.36,9.28,4.4190476190476184,9.4,9.43,9.36,4.457142857142856,9.26,9.33,9.17,4.366666666666666,9.426666666666666,9.49,9.38,4.466666666666667,9.28,9.34,9.26,4.409523809523809,9.406666666666666,9.53,9.35,4.452380952380952,9.306666666666667,9.41,9.28,4.4190476190476184,9.493333333333334,9.55,9.47,4.5095238095238095,9.413333333333334,9.49,9.4,4.476190476190476,9.4,9.42,9.36,4.457142857142856,9.34,9.41,9.28,4.4190476190476184,9.353333333333333,9.45,9.3,4.428571428571429,9.413333333333334,9.5,9.39,4.4714285714285715,9.386666666666667,9.44,9.36,4.457142857142856
13-02 16:36,473a1aa676e43996b2a12e6fe3c8cb844355ef57,157,0.25,True,0.99,0.75,0.75,"[4, 16, 256, 2]",0.001,1000,0.01,152,10,True,True,0.1,2,9.353333333333333,9.45,9.27,4.414285714285714,9.393333333333333,9.45,9.33,4.442857142857143,9.513333333333334,9.54,9.43,4.4904761904761905,9.42,9.49,9.41,4.480952380952381,9.46,9.54,9.44,4.495238095238095,9.493333333333334,9.54,9.45,4.499999999999999,9.46,9.5,9.34,4.447619047619048,9.64,9.71,9.59,4.566666666666666,9.533333333333333,9.63,9.5,4.523809523809524,9.326666666666666,9.39,9.32,4.438095238095238,9.446666666666667,9.45,9.33,4.442857142857143,9.373333333333333,9.42,9.33,4.442857142857143,9.42,9.44,9.35,4.452380952380952,9.32,9.36,9.31,4.433333333333334,9.426666666666666,9.47,9.33,4.442857142857143
13-02 16:36,473a1aa676e43996b2a12e6fe3c8cb844355ef57,157,0.25,True,0.99,0.75,0.75,"[4, 16, 256, 2]",0.001,1000,0.01,152,10,True,True,0.1,2,9.526666666666667,9.63,9.55,4.5476190476190474,9.333333333333334,9.34,9.25,4.404761904761904,9.393333333333333,9.55,9.36,4.457142857142856,9.34,9.41,9.26,4.409523809523809,9.446666666666667,9.52,9.41,4.480952380952381,9.4,9.44,9.34,4.447619047619048,9.533333333333333,9.62,9.48,4.514285714285714,9.673333333333334,9.69,9.61,4.576190476190476,9.586666666666666,9.63,9.51,4.5285714285714285,9.326666666666666,9.37,9.3,4.428571428571429,9.24,9.28,9.08,4.3238095238095235,9.326666666666666,9.38,9.28,4.4190476190476184,9.46,9.49,9.41,4.480952380952381,9.533333333333333,9.59,9.43,4.4904761904761905,9.42,9.52,9.32,4.438095238095238
13-02 18:34,473a1aa676e43996b2a12e6fe3c8cb844355ef57,115,0.0,False,0.995,1.0,0.5,"[4, 8, 16, 32, 2]",0.005,600,0.22749999999999998,10,7,True,True,0.4,2,190.62,191.45,189.05,1200.0,184.78,186.72,183.32,87.29523809523809,129.72,129.92,123.07,1200.0,155.48666666666668,165.14,150.54,1200.0,200.0,200.0,200.0,1200.0,200.0,200.0,200.0,1200.0,76.38,80.42,75.56,1200.0,156.60666666666665,159.35,154.95,73.78571428571428,188.9,190.13,188.39,89.7095238095238,72.42,73.2,71.97,34.27142857142857,200.0,200.0,200.0,1200.0,200.0,200.0,200.0,1200.0,200.0,200.0,200.0,1200.0,200.0,200.0,200.0,1200.0,200.0,200.0,200.0,1200.0
13-02 18:34,473a1aa676e43996b2a12e6fe3c8cb844355ef57,115,0.0,False,0.995,1.0,0.5,"[4, 8, 16, 32, 2]",0.005,600,0.22749999999999998,10,7,True,True,0.4,2,200.0,200.0,200.0,1200.0,128.87333333333333,130.51,123.91,59.0047619047619,103.32666666666667,107.05,99.45,1200.0,200.0,200.0,200.0,1200.0,200.0,200.0,200.0,1200.0,165.2,167.78,164.75,1200.0,123.16666666666667,125.09,120.48,1200.0,156.89333333333335,159.04,153.46,73.07619047619048,193.85333333333332,195.39,193.91,92.33809523809524,82.62666666666667,83.82,82.11,39.1,200.0,200.0,200.0,1200.0,196.86666666666667,198.46,196.5,1200.0,132.57333333333332,133.59,130.52,1200.0,85.29333333333334,89.22,83.46,1200.0,119.07333333333334,122.08,114.81,1200.0
13-02 19:05,473a1aa676e43996b2a12e6fe3c8cb844355ef57,115,0.25,False,0.999,0.5,0.75,"[4, 64, 128, 2]",0.001,800,0.155,152,0,False,False,0.5,2,9.346666666666666,9.36,9.25,4.404761904761904,9.26,9.27,9.18,4.371428571428571,9.373333333333333,9.43,9.35,4.452380952380952,9.373333333333333,9.43,9.32,4.438095238095238,9.386666666666667,9.38,9.27,4.414285714285714,9.366666666666667,9.42,9.34,4.447619047619048,9.3,9.36,9.24,4.4,9.333333333333334,9.4,9.25,4.404761904761904,9.346666666666666,9.4,9.32,4.438095238095238,9.386666666666667,9.46,9.37,4.461904761904761,9.3,9.36,9.24,4.4,9.433333333333334,9.47,9.35,4.452380952380952,9.3,9.41,9.22,4.390476190476191,9.426666666666666,9.43,9.32,4.438095238095238,9.4,9.42,9.32,4.438095238095238
13-02 19:05,473a1aa676e43996b2a12e6fe3c8cb844355ef57,115,0.25,False,0.999,0.5,0.75,"[4, 64, 128, 2]",0.001,800,0.155,152,0,False,False,0.5,2,9.293333333333333,9.39,9.31,4.433333333333334,9.433333333333334,9.45,9.34,4.447619047619048,9.413333333333334,9.46,9.35,4.452380952380952,9.393333333333333,9.43,9.35,4.452380952380952,9.353333333333333,9.4,9.32,4.438095238095238,9.38,9.44,9.35,4.452380952380952,9.28,9.33,9.21,4.385714285714286,9.213333333333333,9.3,9.14,4.352380952380953,9.373333333333333,9.42,9.3,4.428571428571429,9.36,9.43,9.33,4.442857142857143,9.32,9.31,9.25,4.404761904761904,9.466666666666667,9.54,9.4,4.476190476190476,9.32,9.36,9.29,4.423809523809523,9.386666666666667,9.46,9.37,4.461904761904761,9.36,9.43,9.34,4.447619047619048
13-02 19:07,473a1aa676e43996b2a12e6fe3c8cb844355ef57,200,0.25,True,0.999,0.875,0.625,"[4, 8, 16, 32, 64, 2]",0.001,600,0.08249999999999999,152,5,False,True,0.5,2,9.433333333333334,9.49,9.37,4.461904761904761,9.313333333333333,9.38,9.28,4.4190476190476184,9.406666666666666,9.41,9.29,4.423809523809523,9.426666666666666,9.51,9.42,4.485714285714286,9.513333333333334,9.54,9.44,4.495238095238095,9.853333333333333,9.9,9.84,4.685714285714285,9.88,9.91,9.85,4.69047619047619,9.38,9.4,9.33,4.442857142857143,9.373333333333333,9.42,9.32,4.438095238095238,9.32,9.4,9.32,4.438095238095238,9.32,9.37,9.26,4.409523809523809,9.373333333333333,9.5,9.37,4.461904761904761,9.406666666666666,9.44,9.4,4.476190476190476,9.413333333333334,9.46,9.37,4.461904761904761,9.38,9.38,9.3,4.428571428571429
13-02 19:07,473a1aa676e43996b2a12e6fe3c8cb844355ef57,200,0.25,True,0.999,0.875,0.625,"[4, 8, 16, 32, 64, 2]",0.001,600,0.08249999999999999,152,5,False,True,0.5,2,9.446666666666667,9.46,9.39,4.4714285714285715,9.373333333333333,9.46,9.32,4.438095238095238,9.48,9.54,9.39,4.4714285714285715,9.48,9.49,9.38,4.466666666666667,9.826666666666666,9.85,9.75,4.642857142857142,18.19333333333333,18.42,16.97,8.08095238095238,18.866666666666667,20.49,19.02,9.057142857142857,9.366666666666667,9.43,9.27,4.414285714285714,9.38,9.43,9.35,4.452380952380952,9.306666666666667,9.37,9.29,4.423809523809523,9.373333333333333,9.49,9.39,4.4714285714285715,9.266666666666667,9.33,9.25,4.404761904761904,9.486666666666666,9.53,9.43,4.4904761904761905,9.266666666666667,9.34,9.23,4.395238095238096,9.373333333333333,9.42,9.35,4.452380952380952
13-02 19:33,473a1aa676e43996b2a12e6fe3c8cb844355ef57,157,0.125,False,0.999,0.875,0.875,"[4, 16, 256, 2]",0.005,200,0.08249999999999999,152,2,True,False,0.30000000000000004,2,33.13333333333333,34.47,31.53,15.014285714285714,9.366666666666667,9.43,9.34,4.447619047619048,54.72666666666667,54.84,53.82,25.628571428571426,54.153333333333336,55.79,53.34,25.400000000000002,57.346666666666664,58.74,56.9,27.095238095238095,64.92666666666666,66.52,60.77,28.93809523809524,71.29333333333334,73.57,70.46,33.55238095238095,9.58,9.61,9.51,4.5285714285714285,9.466666666666667,9.53,9.42,4.485714285714286,9.74,9.79,9.69,4.614285714285714,9.526666666666667,9.6,9.49,4.519047619047619,9.606666666666667,9.65,9.53,4.538095238095238,9.66,9.79,9.63,4.585714285714286,13.513333333333334,14.32,12.82,6.104761904761904,12.413333333333334,13.49,11.96,5.695238095238095
13-02 19:33,473a1aa676e43996b2a12e6fe3c8cb844355ef57,157,0.125,False,0.999,0.875,0.875,"[4, 16, 256, 2]",0.005,200,0.08249999999999999,152,2,True,False,0.30000000000000004,2,50.72666666666667,51.42,50.03,23.823809523809523,9.32,9.4,9.34,4.447619047619048,52.34,53.44,51.25,24.404761904761905,53.92666666666667,54.59,52.99,25.233333333333334,64.88,66.26,64.1,30.52380952380952,77.23333333333333,80.32,76.61,36.48095238095238,72.61333333333333,74.18,69.08,32.89523809523809,9.633333333333333,9.71,9.6,4.571428571428571,9.62,9.68,9.6,4.571428571428571,9.553333333333333,9.57,9.41,4.480952380952381,9.193333333333333,9.16,9.09,4.328571428571428,9.286666666666667,9.33,9.24,4.4,38.36,39.18,37.77,17.985714285714288,47.68666666666667,48.44,47.74,22.733333333333334,46.46,47.2,46.29,22.04285714285714
13-02 19:43,473a1aa676e43996b2a12e6fe3c8cb844355ef57,200,0.375,False,0.995,0.5,0.625,"[4, 8, 16, 32, 2]",0.001,800,0.08249999999999999,10,0,False,True,0.4,2,9.36,9.43,9.25,4.404761904761904,9.293333333333333,9.39,9.21,4.385714285714286,9.34,9.43,9.29,4.423809523809523,9.393333333333333,9.47,9.32,4.438095238095238,9.333333333333334,9.37,9.27,4.414285714285714,9.386666666666667,9.42,9.33,4.442857142857143,9.326666666666666,9.37,9.31,4.433333333333334,9.4,9.46,9.37,4.461904761904761,9.386666666666667,9.47,9.33,4.442857142857143,9.38,9.48,9.4,4.476190476190476,9.253333333333334,9.3,9.22,4.390476190476191,9.36,9.44,9.32,4.438095238095238,9.313333333333333,9.38,9.27,4.414285714285714,9.426666666666666,9.47,9.41,4.480952380952381,9.32,9.38,9.27,4.414285714285714
13-02 19:43,473a1aa676e43996b2a12e6fe3c8cb844355ef57,200,0.375,False,0.995,0.5,0.625,"[4, 8, 16, 32, 2]",0.001,800,0.08249999999999999,10,0,False,True,0.4,2,9.4,9.41,9.3,4.428571428571429,9.36,9.42,9.32,4.438095238095238,9.353333333333333,9.4,9.26,4.409523809523809,9.42,9.47,9.41,4.480952380952381,9.286666666666667,9.37,9.23,4.395238095238096,9.3,9.31,9.2,4.3809523809523805,9.38,9.52,9.37,4.461904761904761,9.466666666666667,9.51,9.42,4.485714285714286,9.373333333333333,9.41,9.33,4.442857142857143,9.373333333333333,9.45,9.3,4.428571428571429,9.32,9.34,9.26,4.409523809523809,9.366666666666667,9.41,9.31,4.433333333333334,9.4,9.44,9.35,4.452380952380952,9.366666666666667,9.39,9.32,4.438095238095238,9.413333333333334,9.49,9.32,4.438095238095238
13-02 19:45,473a1aa676e43996b2a12e6fe3c8cb844355ef57,178,0.375,True,0.99,0.875,0.5,"[4, 8, 16, 32, 2]",0.001,200,0.08249999999999999,10,7,True,True,0.5,2,200.0,200.0,200.0,1099.835,60.04666666666667,61.02,59.15,28.166666666666664,126.64666666666666,132.03,123.96,1099.835,200.0,200.0,200.0,1099.835,200.0,200.0,200.0,1099.835,166.84666666666666,169.15,165.44,1099.835,174.02666666666667,174.89,169.65,1099.835,141.97333333333333,145.01,133.46,63.55238095238095,106.13333333333334,111.12,101.39,48.28095238095238,163.26,165.0,160.6,76.47619047619047,182.28666666666666,182.62,179.51,85.48095238095237,199.78,200.0,199.67,1099.835,200.0,200.0,200.0,1099.835,195.69333333333333,196.32,195.29,1099.835,148.00666666666666,152.93,142.58,1099.835
13-02 19:45,473a1aa676e43996b2a12e6fe3c8cb844355ef57,178,0.375,True,0.99,0.875,0.5,"[4, 8, 16, 32, 2]",0.001,200,0.08249999999999999,10,7,True,True,0.5,2,178.28666666666666,181.9,178.6,85.04761904761904,27.173333333333332,28.38,27.01,12.861904761904762,178.38666666666666,181.3,178.07,84.79523809523809,99.16666666666667,101.68,96.14,45.78095238095238,162.40666666666667,164.75,161.35,76.83333333333333,124.73333333333333,132.5,120.7,57.476190476190474,117.14666666666666,119.47,115.24,54.87619047619047,90.99333333333334,93.85,90.8,43.238095238095234,97.65333333333334,100.35,91.74,43.68571428571428,97.43333333333334,101.0,95.99,45.7095238095238,97.61333333333333,100.86,95.94,45.68571428571428,114.66666666666667,117.26,112.59,53.614285714285714,121.42,126.72,120.8,57.52380952380952,152.42,157.59,150.97,71.89047619047619,159.90666666666667,163.65,158.74,75.5904761904762
13-02 20:23,473a1aa676e43996b2a12e6fe3c8cb844355ef57,157,0.25,False,0.999,1.0,0.875,"[4, 16, 256, 2]",0.005,400,0.22749999999999998,200,2,False,False,0.4,2,9.406666666666666,9.48,9.37,4.461904761904761,9.266666666666667,9.36,9.28,4.4190476190476184,9.306666666666667,9.37,9.27,4.414285714285714,9.44,9.53,9.35,4.452380952380952,9.34,9.44,9.27,4.414285714285714,9.44,9.56,9.44,4.495238095238095,9.413333333333334,9.47,9.32,4.438095238095238,9.433333333333334,9.49,9.37,4.461904761904761,9.353333333333333,9.44,9.31,4.433333333333334,9.38,9.44,9.3,4.428571428571429,9.36,9.44,9.21,4.385714285714286,9.326666666666666,9.37,9.26,4.409523809523809,9.353333333333333,9.44,9.31,4.433333333333334,9.273333333333333,9.31,9.22,4.390476190476191,9.353333333333333,9.39,9.31,4.433333333333334
13-02 20:23,473a1aa676e43996b2a12e6fe3c8cb844355ef57,157,0.25,False,0.999,1.0,0.875,"[4, 16, 256, 2]",0.005,400,0.22749999999999998,200,2,False,False,0.4,2,9.333333333333334,9.34,9.25,4.404761904761904,9.386666666666667,9.42,9.36,4.457142857142856,9.42,9.42,9.36,4.457142857142856,9.273333333333333,9.39,9.26,4.409523809523809,9.34,9.38,9.28,4.4190476190476184,9.433333333333334,9.51,9.45,4.499999999999999,9.44,9.45,9.37,4.461904761904761,9.32,9.36,9.27,4.414285714285714,9.426666666666666,9.46,9.34,4.447619047619048,9.24,9.33,9.22,4.390476190476191,9.213333333333333,9.24,9.15,4.357142857142857,9.366666666666667,9.43,9.29,4.423809523809523,9.253333333333334,9.29,9.21,4.385714285714286,9.48,9.5,9.46,4.504761904761905,9.366666666666667,9.41,9.33,4.442857142857143
13-02 20:32,473a1aa676e43996b2a12e6fe3c8cb844355ef57,73,0.0,True,0.999,0.875,0.75,"[4, 6, 8, 4, 2]",0.0005,1000,0.22749999999999998,200,0,True,False,0.1,2,10.053333333333333,10.18,9.97,4.747619047619048,9.366666666666667,9.42,9.25,4.404761904761904,9.986666666666666,10.04,9.9,4.714285714285714,10.673333333333334,10.77,10.57,5.033333333333333,10.666666666666666,10.75,10.65,5.071428571428571,11.593333333333334,11.71,11.53,5.49047619047619,11.62,11.74,11.57,5.5095238095238095,9.46,9.54,9.45,4.499999999999999,9.38,9.43,9.32,4.438095238095238,9.3,9.32,9.27,4.414285714285714,9.286666666666667,9.34,9.24,4.4,9.273333333333333,9.31,9.25,4.404761904761904,9.3,9.34,9.25,4.404761904761904,9.626666666666667,9.71,9.49,4.519047619047619,9.486666666666666,9.6,9.48,4.514285714285714
13-02 20:32,473a1aa676e43996b2a12e6fe3c8cb844355ef57,73,0.0,True,0.999,0.875,0.75,"[4, 6, 8, 4, 2]",0.0005,1000,0.22749999999999998,200,0,True,False,0.1,2,9.96,9.99,9.84,4.685714285714285,9.426666666666666,9.48,9.37,4.461904761904761,9.86,9.87,9.76,4.647619047619047,10.546666666666667,10.56,10.45,4.976190476190475,10.68,10.8,10.58,5.038095238095238,11.886666666666667,11.9,11.76,5.6,11.8,12.06,11.83,5.633333333333333,9.373333333333333,9.42,9.32,4.438095238095238,9.326666666666666,9.36,9.25,4.404761904761904,9.446666666666667,9.46,9.4,4.476190476190476,9.446666666666667,9.44,9.37,4.461904761904761,9.42,9.51,9.38,4.466666666666667,9.493333333333334,9.58,9.43,4.4904761904761905,9.666666666666666,9.77,9.63,4.585714285714286,9.74,9.87,9.64,4.59047619047619
13-02 20:34,473a1aa676e43996b2a12e6fe3c8cb844355ef57,136,0.125,False,0.99,1.0,0.75,"[4, 8, 16, 32, 64, 2]",0.01,800,0.155,10,7,True,False,0.4,2,186.32,186.85,185.12,1199.83,124.4,127.6,123.4,58.76190476190476,124.41333333333333,131.81,119.98,1199.83,168.94666666666666,171.13,167.05,1199.83,151.76,158.89,149.59,1199.83,115.58666666666667,119.41,114.47,1199.83,192.56,191.8,190.34,1199.83,137.12,139.7,134.15,63.88095238095238,69.09333333333333,70.3,66.92,31.866666666666667,166.3,168.99,162.02,77.15238095238095,199.74666666666667,199.85,199.66,1199.83,200.0,200.0,200.0,1199.83,177.9,180.41,172.93,1199.83,155.36666666666667,155.68,153.43,1199.83,200.0,200.0,200.0,1199.83
13-02 20:34,473a1aa676e43996b2a12e6fe3c8cb844355ef57,136,0.125,False,0.99,1.0,0.75,"[4, 8, 16, 32, 64, 2]",0.01,800,0.155,10,7,True,False,0.4,2,124.62,129.78,116.09,55.28095238095238,99.88,101.22,97.76,46.55238095238095,199.00666666666666,199.98,198.53,599.265,200.0,200.0,200.0,599.265,200.0,200.0,200.0,599.265,193.76666666666668,195.68,193.21,599.265,64.14666666666666,71.03,58.61,599.265,125.46,131.52,126.04,60.01904761904762,157.7,163.19,154.68,73.65714285714286,179.16,179.56,177.74,84.63809523809523,187.18,188.81,185.28,88.22857142857143,109.95333333333333,111.97,99.62,47.43809523809524,132.81333333333333,146.64,130.26,62.028571428571425,105.88666666666667,110.11,105.41,50.19523809523809,51.266666666666666,51.66,50.78,24.18095238095238
13-02 21:06,473a1aa676e43996b2a12e6fe3c8cb844355ef57,200,0.375,True,0.995,0.875,1.0,"[4, 8, 16, 32, 2]",0.005,600,0.22749999999999998,200,5,False,True,0.2,2,9.34,9.38,9.29,4.423809523809523,9.406666666666666,9.48,9.4,4.476190476190476,9.406666666666666,9.42,9.33,4.442857142857143,9.413333333333334,9.52,9.27,4.414285714285714,9.273333333333333,9.37,9.23,4.395238095238096,9.313333333333333,9.35,9.27,4.414285714285714,9.353333333333333,9.43,9.25,4.404761904761904,9.373333333333333,9.44,9.34,4.447619047619048,9.313333333333333,9.32,9.25,4.404761904761904,9.32,9.42,9.26,4.409523809523809,9.366666666666667,9.4,9.29,4.423809523809523,9.406666666666666,9.47,9.38,4.466666666666667,9.326666666666666,9.37,9.31,4.433333333333334,9.32,9.39,9.22,4.390476190476191,9.32,9.36,9.29,4.423809523809523
13-02 21:06,473a1aa676e43996b2a12e6fe3c8cb844355ef57,200,0.375,True,0.995,0.875,1.0,"[4, 8, 16, 32, 2]",0.005,600,0.22749999999999998,200,5,False,True,0.2,2,9.333333333333334,9.36,9.26,4.409523809523809,9.353333333333333,9.44,9.29,4.423809523809523,9.353333333333333,9.43,9.3,4.428571428571429,9.36,9.4,9.34,4.447619047619048,9.313333333333333,9.29,9.21,4.385714285714286,9.353333333333333,9.4,9.29,4.423809523809523,9.286666666666667,9.32,9.25,4.404761904761904,9.373333333333333,9.47,9.37,4.461904761904761,9.42,9.51,9.39,4.4714285714285715,9.406666666666666,9.45,9.36,4.457142857142856,9.373333333333333,9.39,9.33,4.442857142857143,9.326666666666666,9.42,9.24,4.4,9.246666666666666,9.33,9.22,4.390476190476191,9.36,9.37,9.32,4.438095238095238,9.353333333333333,9.47,9.3,4.428571428571429
13-02 21:33,473a1aa676e43996b2a12e6fe3c8cb844355ef57,157,0.5,False,0.99,0.875,0.75,"[4, 16, 256, 2]",0.01,600,0.155,10,2,False,False,0.30000000000000004,2,83.46,83.68,83.28,1100.0,14.96,15.05,14.84,7.066666666666666,11.74,11.79,11.6,1100.0,92.09333333333333,94.29,89.74,1100.0,69.08,69.36,68.92,1100.0,197.89333333333335,198.36,197.79,1100.0,87.26666666666667,87.32,86.74,1100.0,39.03333333333333,40.17,37.63,17.91904761904762,9.386666666666667,9.43,9.33,4.442857142857143,117.47333333333333,118.52,117.6,55.99999999999999,96.82,97.56,94.94,45.20952380952381,200.0,200.0,200.0,1100.0,196.24666666666667,196.77,196.11,1100.0,47.67333333333333,48.3,46.84,1100.0,115.27333333333333,117.5,114.76,1100.0
13-02 21:33,473a1aa676e43996b2a12e6fe3c8cb844355ef57,157,0.5,False,0.99,0.875,0.75,"[4, 16, 256, 2]",0.01,600,0.155,10,2,False,False,0.30000000000000004,2,172.8,174.07,172.72,800.0,9.846666666666666,9.93,9.82,4.6761904761904765,200.0,200.0,200.0,800.0,199.90666666666667,199.96,199.87,800.0,166.03333333333333,166.24,165.11,800.0,190.71333333333334,190.85,188.56,800.0,181.80666666666667,183.33,182.22,800.0,14.926666666666666,16.25,14.91,7.1,89.1,90.44,88.04,41.923809523809524,80.96666666666667,81.7,80.72,38.43809523809524,48.153333333333336,48.44,46.82,22.295238095238094,9.62,9.64,9.56,4.552380952380952,84.45333333333333,85.06,83.41,39.719047619047615,156.74666666666667,157.38,155.67,74.12857142857142,200.0,200.0,200.0,800.0
13-02 21:46,473a1aa676e43996b2a12e6fe3c8cb844355ef57,136,0.0,True,0.999,0.5,1.0,"[4, 6, 8, 4, 2]",0.0005,800,0.08249999999999999,57,7,True,False,0.4,2,156.89333333333335,162.69,149.77,71.31904761904762,9.666666666666666,9.74,9.66,4.6,164.38666666666666,165.45,159.65,76.02380952380952,164.06,166.87,158.7,75.57142857142857,167.42666666666668,170.61,165.27,78.7,171.04,172.85,166.73,79.39523809523808,164.7,167.47,161.08,76.70476190476191,9.873333333333333,9.97,9.79,4.661904761904761,10.306666666666667,10.27,9.98,4.752380952380952,39.75333333333333,39.48,38.24,18.20952380952381,51.94,52.95,51.69,24.614285714285714,80.28666666666666,83.25,78.22,37.24761904761905,116.13333333333334,118.94,114.26,54.40952380952381,137.19333333333333,135.3,127.55,60.738095238095234,138.64666666666668,144.85,136.14,64.82857142857142
13-02 21:46,473a1aa676e43996b2a12e6fe3c8cb844355ef57,136,0.0,True,0.999,0.5,1.0,"[4, 6, 8, 4, 2]",0.0005,800,0.08249999999999999,57,7,True,False,0.4,2,130.92,135.44,126.64,60.304761904761904,9.446666666666667,9.55,9.44,4.495238095238095,133.11333333333334,134.95,129.68,61.75238095238095,146.48666666666668,147.92,142.5,67.85714285714286,149.48666666666668,157.09,148.85,70.88095238095238,146.53333333333333,152.13,146.24,69.63809523809525,162.3,165.51,159.35,75.88095238095238,9.96,10.01,9.85,4.69047619047619,9.92,10.08,9.91,4.719047619047619,33.626666666666665,34.66,31.86,15.17142857142857,52.44,52.94,51.01,24.290476190476188,86.47333333333333,87.8,85.89,40.9,104.30666666666667,106.78,101.45,48.30952380952381,121.26666666666667,123.03,116.67,55.55714285714286,124.38,130.81,123.73,58.91904761904762
13-02 22:10,473a1aa676e43996b2a12e6fe3c8cb844355ef57,157,0.375,False,0.995,0.75,0.875,"[4, 8, 16, 32, 64, 2]",0.001,600,0.3,57,10,False,False,0.4,2,200.0,200.0,200.0,700.0,9.266666666666667,9.34,9.17,4.366666666666666,198.39333333333335,198.71,198.22,700.0,91.70666666666666,92.12,91.53,700.0,113.53333333333333,113.95,113.17,700.0,168.25333333333333,169.0,167.23,700.0,170.60666666666665,172.15,170.58,700.0,9.34,9.44,9.37,4.461904761904761,9.366666666666667,9.42,9.35,4.452380952380952,9.373333333333333,9.43,9.31,4.433333333333334,9.506666666666666,9.57,9.47,4.5095238095238095,9.36,9.39,9.27,4.414285714285714,12.853333333333333,13.75,12.02,5.723809523809523,69.10666666666667,69.28,68.1,32.42857142857142,75.24666666666667,75.62,74.67,35.55714285714286
13-02 22:10,473a1aa676e43996b2a12e6fe3c8cb844355ef57,157,0.375,False,0.995,0.75,0.875,"[4, 8, 16, 32, 64, 2]",0.001,600,0.3,57,10,False,False,0.4,2,105.58666666666667,105.95,105.49,50.23333333333333,9.333333333333334,9.4,9.31,4.433333333333334,133.09333333333333,133.37,132.72,63.199999999999996,136.06,136.0,135.37,64.46190476190476,137.99333333333334,138.98,137.41,65.43333333333332,129.58666666666667,129.9,128.92,61.39047619047618,128.06,128.05,127.6,60.76190476190476,9.44,9.48,9.39,4.4714285714285715,9.446666666666667,9.48,9.41,4.480952380952381,9.48,9.47,9.39,4.4714285714285715,9.38,9.39,9.28,4.4190476190476184,9.52,9.53,9.43,4.4904761904761905,23.253333333333334,23.9,21.81,10.385714285714284,73.66,73.95,73.52,35.009523809523806,83.28,83.34,82.82,39.43809523809524
13-02 22:44,473a1aa676e43996b2a12e6fe3c8cb844355ef57,178,0.5,False,0.99,0.625,0.625,"[4, 8, 16, 32, 64, 2]",0.005,600,0.155,10,2,True,False,0.2,2,187.57333333333332,188.56,187.25,1400.0,16.493333333333332,17.18,15.85,7.5476190476190474,96.04,99.66,95.81,1400.0,123.23333333333333,126.78,121.36,1400.0,199.0,200.0,198.5,1400.0,200.0,200.0,200.0,1400.0,200.0,200.0,200.0,1400.0,37.32,40.7,37.19,17.70952380952381,200.0,200.0,200.0,1400.0,56.513333333333335,57.3,55.43,1400.0,45.53333333333333,46.57,45.3,1400.0,152.39333333333335,153.94,150.21,1400.0,120.51333333333334,124.59,118.62,1400.0,160.39333333333335,162.87,158.33,1400.0,174.91333333333333,178.01,170.4,1400.0
13-02 22:44,473a1aa676e43996b2a12e6fe3c8cb844355ef57,178,0.5,False,0.99,0.625,0.625,"[4, 8, 16, 32, 64, 2]",0.005,600,0.155,10,2,True,False,0.2,2,106.47333333333333,106.17,101.51,48.338095238095235,11.626666666666667,11.83,11.18,5.3238095238095235,53.18666666666667,53.53,52.37,24.938095238095237,88.69333333333333,91.53,87.94,41.87619047619047,124.83333333333333,130.37,118.42,56.390476190476186,68.66,72.57,68.63,32.68095238095238,129.28,130.96,123.12,58.628571428571426,119.86666666666666,122.39,120.11,57.19523809523809,155.62666666666667,158.06,152.51,72.62380952380951,130.64,132.09,126.38,60.18095238095238,165.6,168.8,161.93,77.10952380952381,149.34,154.11,147.67,70.31904761904761,47.42666666666667,47.71,46.35,22.07142857142857,134.49333333333334,140.91,131.03,62.39523809523809,118.38,123.06,117.3,55.857142857142854
13-02 12:53,473a1aa676e43996b2a12e6fe3c8cb844355ef57,73,0.25,False,0.999,0.75,1.0,"[4, 6, 8, 4, 2]",0.001,1000,0.3,10,2,False,True,0.2,2,200.0,200.0,200.0,1198.2,25.486666666666668,25.69,25.32,12.057142857142857,200.0,200.0,200.0,1198.2,199.73333333333332,199.85,199.75,1198.2,200.0,200.0,200.0,1198.2,199.97333333333333,200.0,199.97,1198.2,200.0,200.0,200.0,1198.2,65.49333333333334,67.13,65.27,31.08095238095238,92.18,93.98,91.95,43.785714285714285,189.04666666666665,190.0,187.23,89.15714285714284,196.76,197.28,196.4,1198.2,194.71333333333334,195.52,194.52,1198.2,199.96666666666667,199.95,199.95,1198.2,200.0,200.0,200.0,1198.2,200.0,200.0,200.0,1198.2
13-02 12:53,473a1aa676e43996b2a12e6fe3c8cb844355ef57,73,0.25,False,0.999,0.75,1.0,"[4, 6, 8, 4, 2]",0.001,1000,0.3,10,2,False,True,0.2,2,198.33333333333334,198.56,197.96,1098.09,69.31333333333333,70.85,68.06,32.40952380952381,199.9,199.9,199.85,1098.09,199.96,199.96,199.94,1098.09,199.98666666666668,199.99,199.98,1098.09,199.95333333333335,199.93,199.93,1098.09,200.0,200.0,200.0,1098.09,27.426666666666666,27.55,26.88,12.799999999999999,95.83333333333333,95.96,95.24,45.35238095238095,125.54,126.48,124.26,59.17142857142857,192.82,193.17,191.52,91.2,196.77333333333334,197.53,196.18,1098.09,199.28666666666666,199.43,199.19,1098.09,199.55333333333334,199.73,199.36,1098.09,191.14666666666668,192.17,190.44,1098.09
13-02 23:13,473a1aa676e43996b2a12e6fe3c8cb844355ef57,94,0.0,True,0.99,0.625,1.0,"[4, 8, 16, 32, 2]",0.001,1000,0.22749999999999998,152,7,True,True,0.1,2,10.093333333333334,10.14,10.04,4.78095238095238,9.38,9.4,9.31,4.433333333333334,9.506666666666666,9.58,9.48,4.514285714285714,9.6,9.66,9.53,4.538095238095238,15.8,16.45,15.46,7.361904761904762,44.72666666666667,45.2,42.47,20.22380952380952,45.13333333333333,47.46,45.6,21.714285714285715,9.48,9.55,9.41,4.480952380952381,9.546666666666667,9.61,9.48,4.514285714285714,9.56,9.62,9.55,4.5476190476190474,9.706666666666667,9.71,9.59,4.566666666666666,9.713333333333333,9.73,9.62,4.580952380952381,9.766666666666667,9.79,9.65,4.595238095238095,9.306666666666667,9.39,9.29,4.423809523809523,9.306666666666667,9.35,9.24,4.4
13-02 23:13,473a1aa676e43996b2a12e6fe3c8cb844355ef57,94,0.0,True,0.99,0.625,1.0,"[4, 8, 16, 32, 2]",0.001,1000,0.22749999999999998,152,7,True,True,0.1,2,10.686666666666667,10.83,10.07,4.795238095238095,9.3,9.3,9.22,4.390476190476191,10.213333333333333,10.48,10.04,4.78095238095238,10.18,10.46,9.96,4.742857142857143,19.88,21.28,18.97,9.033333333333333,32.20666666666666,34.27,31.15,14.833333333333332,29.106666666666666,32.23,27.29,12.995238095238093,9.513333333333334,9.58,9.47,4.5095238095238095,9.52,9.56,9.48,4.514285714285714,9.573333333333334,9.65,9.56,4.552380952380952,9.886666666666667,9.98,9.8,4.666666666666667,9.673333333333334,9.73,9.59,4.566666666666666,9.76,9.79,9.67,4.604761904761904,10.313333333333333,10.42,9.9,4.714285714285714,10.693333333333333,10.62,10.23,4.871428571428571
13-02 23:31,473a1aa676e43996b2a12e6fe3c8cb844355ef57,115,0.375,True,0.995,0.75,0.875,"[4, 8, 16, 32, 2]",0.005,800,0.155,10,5,True,False,0.2,2,200.0,200.0,200.0,1197.735,92.25333333333333,96.01,86.56,41.21904761904762,200.0,200.0,200.0,1197.735,129.95333333333335,130.9,128.0,1197.735,200.0,200.0,200.0,1197.735,186.42666666666668,188.99,184.9,1197.735,149.88666666666666,148.84,143.93,1197.735,125.94,125.51,122.21,58.19523809523809,155.74,160.07,151.03,71.91904761904762,87.53333333333333,89.83,84.57,40.271428571428565,196.62,197.21,195.47,1197.735,164.48,167.79,162.35,1197.735,200.0,200.0,200.0,1197.735,200.0,200.0,200.0,1197.735,200.0,200.0,200.0,1197.735
13-02 23:31,473a1aa676e43996b2a12e6fe3c8cb844355ef57,115,0.375,True,0.995,0.75,0.875,"[4, 8, 16, 32, 2]",0.005,800,0.155,10,5,True,False,0.2,2,96.99333333333334,98.48,94.9,1100.0,71.82666666666667,73.38,71.34,33.971428571428575,199.47333333333333,199.65,199.41,1100.0,102.30666666666667,104.52,98.01,1100.0,147.45333333333335,151.65,144.47,1100.0,199.66666666666666,199.64,199.53,1100.0,200.0,200.0,200.0,1100.0,129.12666666666667,131.36,126.05,60.02380952380952,166.81333333333333,170.91,166.65,79.35714285714286,156.84,159.27,155.99,74.28095238095239,190.32,190.21,188.53,89.77619047619048,200.0,200.0,200.0,1100.0,200.0,200.0,200.0,1100.0,65.37333333333333,66.02,64.26,1100.0,197.1,197.05,195.65,1100.0
14-02 00:02,473a1aa676e43996b2a12e6fe3c8cb844355ef57,178,0.375,True,0.99,0.625,0.5,"[4, 8, 16, 32, 2]",0.001,200,0.08249999999999999,10,7,True,True,0.5,2,138.43333333333334,143.35,133.92,63.771428571428565,11.513333333333334,11.62,11.41,5.433333333333334,147.62,151.86,144.87,68.98571428571428,128.47333333333333,131.92,123.9,59.0,148.66666666666666,154.68,147.43,70.20476190476191,157.96666666666667,161.3,151.43,72.10952380952381,112.34666666666666,120.9,112.62,53.628571428571426,62.84,63.15,62.28,29.657142857142855,94.13333333333334,96.46,92.53,44.06190476190476,98.58,100.38,96.23,45.82380952380952,88.86,89.42,85.82,40.86666666666666,111.67333333333333,115.56,110.68,52.7047619047619,140.98666666666668,144.97,136.98,65.22857142857143,121.18,125.0,116.36,55.409523809523805,143.72,146.2,139.0,66.19047619047619
14-02 00:02,473a1aa676e43996b2a12e6fe3c8cb844355ef57,178,0.375,True,0.99,0.625,0.5,"[4, 8, 16, 32, 2]",0.001,200,0.08249999999999999,10,7,True,True,0.5,2,129.73333333333332,132.55,126.96,60.45714285714285,11.193333333333333,11.32,11.13,5.3,127.77333333333333,129.88,126.19,60.09047619047619,107.31333333333333,113.46,102.7,48.904761904761905,110.00666666666666,114.31,105.19,50.09047619047619,156.12666666666667,161.24,153.31,73.0047619047619,138.66,143.58,134.15,63.88095238095238,9.326666666666666,9.32,9.27,4.414285714285714,64.04,64.77,61.02,29.057142857142857,92.91333333333333,92.49,88.02,41.91428571428571,99.11333333333333,100.02,92.82,44.199999999999996,123.62666666666667,125.58,119.26,56.79047619047619,124.78,127.06,123.96,59.028571428571425,108.8,113.67,108.71,51.76666666666666,124.64666666666666,125.44,123.09,58.614285714285714
14-02 00:39,473a1aa676e43996b2a12e6fe3c8cb844355ef57,115,0.0,True,0.995,1.0,0.5,"[4, 8, 16, 32, 2]",0.001,600,0.22749999999999998,10,7,True,False,0.4,2,196.25333333333333,196.81,195.56,998.03,125.00666666666666,128.34,119.92,57.1047619047619,169.15333333333334,174.6,170.88,998.03,193.02666666666667,193.62,191.14,998.03,161.34,167.7,160.51,998.03,53.58,59.17,50.26,998.03,194.39333333333335,197.24,194.17,998.03,95.59333333333333,96.75,91.14,43.4,81.44,85.96,76.68,36.51428571428571,175.58,180.04,173.29,82.51904761904761,86.34,90.59,86.31,41.1,109.40666666666667,112.1,105.28,50.13333333333333,196.68666666666667,196.97,196.06,998.03,200.0,200.0,200.0,998.03,200.0,200.0,200.0,998.03
14-02 00:39,473a1aa676e43996b2a12e6fe3c8cb844355ef57,115,0.0,True,0.995,1.0,0.5,"[4, 8, 16, 32, 2]",0.001,600,0.22749999999999998,10,7,True,False,0.4,2,200.0,200.0,200.0,799.35,31.5,32.32,31.16,14.838095238095237,165.07333333333332,169.7,161.59,799.35,200.0,200.0,200.0,799.35,200.0,200.0,200.0,799.35,118.79333333333334,122.43,116.84,799.35,200.0,200.0,200.0,799.35,143.39333333333335,147.39,142.27,67.74761904761905,140.25333333333333,143.91,134.69,64.13809523809523,150.66,153.41,145.04,69.06666666666666,156.58666666666667,159.44,152.52,72.62857142857143,157.36,160.27,154.36,73.5047619047619,179.14666666666668,182.52,178.66,85.07619047619048,164.46,167.16,161.21,76.76666666666667,199.13333333333333,199.52,198.7,799.35
14-02 01:06,473a1aa676e43996b2a12e6fe3c8cb844355ef57,200,0.375,True,0.99,0.625,0.75,"[4, 64, 128, 2]",0.01,200,0.22749999999999998,152,10,True,True,0.4,2,9.506666666666666,9.51,9.38,4.466666666666667,9.32,9.34,9.24,4.4,9.266666666666667,9.29,9.21,4.385714285714286,9.426666666666666,9.49,9.37,4.461904761904761,9.26,9.31,9.22,4.390476190476191,9.46,9.55,9.32,4.438095238095238,9.46,9.51,9.41,4.480952380952381,9.406666666666666,9.47,9.37,4.461904761904761,9.533333333333333,9.57,9.46,4.504761904761905,9.493333333333334,9.54,9.41,4.480952380952381,9.386666666666667,9.54,9.37,4.461904761904761,9.36,9.41,9.28,4.4190476190476184,9.233333333333333,9.33,9.22,4.390476190476191,9.393333333333333,9.46,9.37,4.461904761904761,9.366666666666667,9.42,9.34,4.447619047619048
14-02 01:06,473a1aa676e43996b2a12e6fe3c8cb844355ef57,200,0.375,True,0.99,0.625,0.75,"[4, 64, 128, 2]",0.01,200,0.22749999999999998,152,10,True,True,0.4,2,9.973333333333333,10.05,9.96,4.742857142857143,9.406666666666666,9.44,9.3,4.428571428571429,10.753333333333334,11.07,10.69,5.09047619047619,10.586666666666666,10.68,10.47,4.985714285714286,9.706666666666667,9.74,9.67,4.604761904761904,10.073333333333334,10.15,9.95,4.738095238095237,9.893333333333333,9.94,9.82,4.6761904761904765,9.56,9.61,9.49,4.519047619047619,9.406666666666666,9.48,9.27,4.414285714285714,9.34,9.36,9.2,4.3809523809523805,9.286666666666667,9.34,9.25,4.404761904761904,9.36,9.47,9.36,4.457142857142856,9.646666666666667,9.64,9.57,4.557142857142857,9.933333333333334,9.92,9.83,4.680952380952381,9.786666666666667,9.83,9.73,4.633333333333334
14-02 01:53,473a1aa676e43996b2a12e6fe3c8cb844355ef57,31,0.375,True,0.999,0.625,1.0,"[4, 6, 8, 4, 2]",0.001,400,0.01,200,2,True,True,0.30000000000000004,2,9.606666666666667,9.67,9.56,4.552380952380952,9.293333333333333,9.29,9.24,4.4,9.506666666666666,9.5,9.42,4.485714285714286,21.74,22.63,21.25,10.119047619047619,20.166666666666668,21.12,19.07,9.08095238095238,16.946666666666665,17.37,16.43,7.8238095238095235,16.533333333333335,17.73,16.0,7.619047619047619,9.686666666666667,9.76,9.66,4.6,9.74,9.77,9.66,4.6,9.393333333333333,9.46,9.33,4.442857142857143,9.333333333333334,9.44,9.31,4.433333333333334,9.366666666666667,9.36,9.28,4.4190476190476184,9.38,9.36,9.24,4.4,10.173333333333334,10.32,10.03,4.776190476190476,9.84,9.92,9.81,4.671428571428572
14-02 01:53,473a1aa676e43996b2a12e6fe3c8cb844355ef57,31,0.375,True,0.999,0.625,1.0,"[4, 6, 8, 4, 2]",0.001,400,0.01,200,2,True,True,0.30000000000000004,2,9.746666666666666,9.84,9.71,4.623809523809524,9.426666666666666,9.49,9.38,4.466666666666667,9.713333333333333,9.81,9.64,4.59047619047619,9.96,10.14,9.83,4.680952380952381,10.22,10.32,9.73,4.633333333333334,19.98,21.19,19.62,9.342857142857143,20.133333333333333,20.93,18.72,8.914285714285713,9.846666666666666,9.92,9.76,4.647619047619047,9.78,9.86,9.72,4.628571428571429,9.526666666666667,9.61,9.48,4.514285714285714,9.68,9.69,9.6,4.571428571428571,9.646666666666667,9.7,9.61,4.576190476190476,9.66,9.69,9.58,4.561904761904762,9.446666666666667,9.52,9.44,4.495238095238095,9.393333333333333,9.45,9.36,4.457142857142856
14-02 01:58,473a1aa676e43996b2a12e6fe3c8cb844355ef57,157,0.5,False,0.99,0.875,0.75,"[4, 8, 16, 32, 64, 2]",0.01,600,0.155,10,7,False,False,0.30000000000000004,2,199.02666666666667,199.5,198.82,699.41,11.28,11.73,11.0,5.238095238095238,128.00666666666666,128.63,127.51,699.41,184.86666666666667,186.13,184.19,699.41,166.56,166.79,165.99,699.41,120.78666666666666,121.46,120.56,699.41,199.96666666666667,199.95,199.95,699.41,11.88,12.11,11.86,5.647619047619047,108.44666666666667,111.29,105.73,50.34761904761905,71.38,73.24,69.31,33.00476190476191,142.26,142.42,141.44,67.35238095238095,188.45333333333335,189.68,187.42,89.24761904761904,177.28,177.77,176.45,84.02380952380952,176.67333333333335,178.13,175.32,83.48571428571428,123.85333333333334,124.14,122.94,58.54285714285714
14-02 01:58,473a1aa676e43996b2a12e6fe3c8cb844355ef57,157,0.5,False,0.99,0.875,0.75,"[4, 8, 16, 32, 64, 2]",0.01,600,0.155,10,7,False,False,0.30000000000000004,2,177.42,179.2,177.41,1300.0,10.133333333333333,10.3,10.18,4.847619047619047,194.69333333333333,195.37,194.4,1300.0,123.3,123.72,122.75,1300.0,31.36,33.21,27.29,1300.0,154.58,154.82,154.23,1300.0,111.7,112.61,111.72,1300.0,25.166666666666668,25.24,25.09,11.947619047619048,172.57333333333332,173.9,171.2,81.52380952380952,200.0,200.0,200.0,1300.0,159.01333333333332,159.19,158.29,1300.0,200.0,200.0,200.0,1300.0,200.0,200.0,200.0,1300.0,184.24,184.03,183.02,1300.0,93.80666666666667,93.71,93.07,1300.0
14-02 02:33,473a1aa676e43996b2a12e6fe3c8cb844355ef57,136,0.125,False,0.99,0.875,0.75,"[4, 16, 256, 2]",0.01,800,0.155,10,7,True,False,0.4,2,96.7,104.03,89.29,1197.755,57.38666666666666,58.17,56.61,26.957142857142856,97.74666666666667,106.6,90.7,1197.755,186.96666666666667,187.01,184.65,1197.755,113.96666666666667,120.16,112.3,1197.755,150.02666666666667,155.58,146.07,1197.755,200.0,200.0,200.0,1197.755,106.84666666666666,115.53,102.99,49.04285714285714,78.13333333333334,81.54,77.18,36.75238095238095,187.07333333333332,191.99,185.21,88.1952380952381,196.83333333333334,197.0,195.51,1197.755,151.44666666666666,156.91,151.89,1197.755,83.85333333333334,84.13,82.24,1197.755,159.38666666666666,162.67,155.67,1197.755,107.80666666666667,113.92,102.67,1197.755
14-02 02:33,473a1aa676e43996b2a12e6fe3c8cb844355ef57,136,0.125,False,0.99,0.875,0.75,"[4, 16, 256, 2]",0.01,800,0.155,10,7,True,False,0.4,2,112.48666666666666,117.36,110.16,1399.68,89.3,89.69,87.61,41.719047619047615,40.7,41.04,40.17,1399.68,92.30666666666667,93.9,91.62,1399.68,94.10666666666667,101.03,94.87,1399.68,135.40666666666667,144.38,127.96,1399.68,200.0,200.0,200.0,1399.68,168.32666666666665,174.13,167.41,79.71904761904761,199.57333333333332,199.82,199.36,1399.68,134.55333333333334,142.99,129.38,1399.68,190.76666666666668,192.33,188.6,1399.68,101.14,104.71,95.66,1399.68,200.0,200.0,200.0,1399.68,97.52,101.51,97.64,1399.68,132.92666666666668,133.71,129.3,1399.68
14-02 03:07,473a1aa676e43996b2a12e6fe3c8cb844355ef57,136,0.125,False,0.99,1.0,0.625,"[4, 8, 16, 32, 64, 2]",0.01,800,0.155,10,7,False,False,0.4,2,72.15333333333334,72.66,71.44,999.6800000000001,9.34,9.44,9.28,4.4190476190476184,147.58666666666667,147.99,146.97,999.6800000000001,200.0,200.0,200.0,999.6800000000001,200.0,200.0,200.0,999.6800000000001,113.00666666666666,113.58,113.06,999.6800000000001,200.0,200.0,200.0,999.6800000000001,186.81333333333333,188.04,185.66,88.4095238095238,160.57333333333332,162.83,160.53,76.44285714285714,133.79333333333332,134.33,133.25,63.45238095238095,96.43333333333334,98.2,96.31,45.86190476190476,161.38666666666666,161.73,160.95,76.64285714285714,199.5,199.52,199.36,999.6800000000001,116.72,117.47,115.93,999.6800000000001,97.51333333333334,97.93,97.18,999.6800000000001
14-02 03:07,473a1aa676e43996b2a12e6fe3c8cb844355ef57,136,0.125,False,0.99,1.0,0.625,"[4, 8, 16, 32, 64, 2]",0.01,800,0.155,10,7,False,False,0.4,2,126.21333333333334,126.79,126.2,900.0,9.32,9.44,9.28,4.4190476190476184,198.72,198.82,198.26,900.0,200.0,200.0,200.0,900.0,141.99333333333334,143.2,141.52,900.0,193.11333333333334,194.13,192.73,900.0,120.37333333333333,121.05,119.82,900.0,100.39333333333333,102.47,98.0,46.666666666666664,96.93333333333334,97.58,96.16,45.790476190476184,67.53333333333333,67.98,67.42,32.1047619047619,109.48,110.36,108.94,51.87619047619047,132.28,132.88,131.2,62.47619047619047,123.0,123.34,122.47,58.319047619047616,200.0,200.0,200.0,900.0,155.87333333333333,156.4,155.48,900.0
14-02 03:37,473a1aa676e43996b2a12e6fe3c8cb844355ef57,73,0.0,False,0.99,1.0,0.75,"[4, 8, 16, 32, 64, 2]",0.01,600,0.22749999999999998,152,5,True,True,0.1,2,9.3,9.4,9.27,4.414285714285714,9.32,9.39,9.25,4.404761904761904,9.42,9.5,9.42,4.485714285714286,9.486666666666666,9.58,9.46,4.504761904761905,13.033333333333333,13.42,12.75,6.071428571428571,14.633333333333333,15.93,14.96,7.123809523809524,15.3,16.74,15.16,7.219047619047619,9.62,9.63,9.55,4.5476190476190474,9.793333333333333,9.89,9.81,4.671428571428572,9.493333333333334,9.59,9.5,4.523809523809524,9.286666666666667,9.34,9.24,4.4,9.426666666666666,9.49,9.38,4.466666666666667,9.3,9.31,9.24,4.4,9.366666666666667,9.38,9.26,4.409523809523809,9.393333333333333,9.48,9.33,4.442857142857143
14-02 03:37,473a1aa676e43996b2a12e6fe3c8cb844355ef57,73,0.0,False,0.99,1.0,0.75,"[4, 8, 16, 32, 64, 2]",0.01,600,0.22749999999999998,152,5,True,True,0.1,2,11.92,12.4,11.55,5.5,9.28,9.31,9.23,4.395238095238096,12.093333333333334,12.42,11.83,5.633333333333333,12.826666666666666,13.82,12.47,5.938095238095238,17.986666666666668,19.34,16.39,7.804761904761905,19.793333333333333,21.27,19.35,9.214285714285715,20.253333333333334,21.18,18.9,8.999999999999998,9.546666666666667,9.61,9.42,4.485714285714286,9.553333333333333,9.64,9.5,4.523809523809524,9.586666666666666,9.59,9.45,4.499999999999999,9.353333333333333,9.45,9.34,4.447619047619048,9.326666666666666,9.38,9.28,4.4190476190476184,9.953333333333333,9.96,9.82,4.6761904761904765,9.913333333333334,10.05,9.81,4.671428571428572,9.906666666666666,10.04,9.85,4.69047619047619
14-02 03:46,473a1aa676e43996b2a12e6fe3c8cb844355ef57,178,0.5,True,0.995,0.75,0.875,"[4, 8, 16, 32, 2]",0.005,600,0.155,10,2,True,False,0.5,2,200.0,200.0,200.0,1099.885,33.06,33.28,32.7,15.571428571428573,200.0,200.0,200.0,1099.885,200.0,200.0,200.0,1099.885,200.0,200.0,200.0,1099.885,199.70666666666668,200.0,199.56,1099.885,200.0,200.0,200.0,1099.885,121.75333333333333,125.26,118.3,56.33333333333333,158.14,161.05,157.06,74.79047619047618,114.61333333333333,117.98,113.87,54.22380952380952,158.93333333333334,160.66,156.58,74.56190476190477,199.76666666666668,200.0,199.77,1099.885,188.82666666666665,189.8,187.14,1099.885,192.64,193.08,192.33,1099.885,200.0,200.0,200.0,1099.885
14-02 03:46,473a1aa676e43996b2a12e6fe3c8cb844355ef57,178,0.5,True,0.995,0.75,0.875,"[4, 8, 16, 32, 2]",0.005,600,0.155,10,2,True,False,0.5,2,200.0,200.0,200.0,1299.29,38.24,39.14,37.41,17.814285714285713,130.31333333333333,132.76,124.08,1299.29,82.30666666666667,83.78,81.32,1299.29,60.68,61.25,59.56,1299.29,28.973333333333333,29.26,28.51,1299.29,63.193333333333335,64.77,62.73,1299.29,18.9,18.93,18.66,8.885714285714286,179.85333333333332,181.79,178.22,84.86666666666666,198.68,199.04,198.58,1299.29,199.98666666666668,199.98,199.98,1299.29,69.51333333333334,70.25,67.01,1299.29,111.92666666666666,112.14,105.99,1299.29,134.25333333333333,137.34,130.53,1299.29,200.0,200.0,200.0,1299.29
14-02 04:04,473a1aa676e43996b2a12e6fe3c8cb844355ef57,94,0.25,False,0.995,0.875,0.875,"[4, 8, 16, 32, 64, 2]",0.001,400,0.08249999999999999,10,5,True,True,0.5,2,200.0,200.0,200.0,1499.23,157.32,159.9,155.41,74.0047619047619,200.0,200.0,200.0,1499.23,200.0,200.0,200.0,1499.23,189.61333333333334,196.75,184.42,1499.23,200.0,200.0,200.0,1499.23,195.03333333333333,197.39,194.96,1499.23,198.68666666666667,199.05,198.46,1499.23,200.0,200.0,200.0,1499.23,200.0,200.0,200.0,1499.23,200.0,200.0,200.0,1499.23,200.0,200.0,200.0,1499.23,200.0,200.0,200.0,1499.23,200.0,200.0,200.0,1499.23,200.0,200.0,200.0,1499.23
14-02 04:04,473a1aa676e43996b2a12e6fe3c8cb844355ef57,94,0.25,False,0.995,0.875,0.875,"[4, 8, 16, 32, 64, 2]",0.001,400,0.08249999999999999,10,5,True,True,0.5,2,200.0,200.0,200.0,1300.0,121.52,122.82,120.35,57.3095238095238,200.0,200.0,200.0,1300.0,200.0,200.0,200.0,1300.0,200.0,200.0,200.0,1300.0,200.0,200.0,200.0,1300.0,200.0,200.0,200.0,1300.0,178.72,179.87,176.78,84.18095238095238,193.84,195.03,192.72,91.77142857142857,200.0,200.0,200.0,1300.0,200.0,200.0,200.0,1300.0,200.0,200.0,200.0,1300.0,200.0,200.0,200.0,1300.0,200.0,200.0,200.0,1300.0,200.0,200.0,200.0,1300.0
14-02 04:31,473a1aa676e43996b2a12e6fe3c8cb844355ef57,136,0.0,False,0.999,1.0,0.5,"[4, 16, 256, 2]",0.001,600,0.22749999999999998,10,7,True,True,0.4,2,146.24,149.3,142.05,799.47,150.26,152.22,147.49,70.23333333333333,199.14666666666668,199.36,198.98,799.47,200.0,200.0,200.0,799.47,200.0,200.0,200.0,799.47,176.07333333333332,179.44,172.67,799.47,85.79333333333334,87.75,84.07,799.47,184.06666666666666,185.22,179.84,85.63809523809523,153.27333333333334,158.83,147.73,70.34761904761903,122.98666666666666,127.39,123.12,58.628571428571426,144.46,146.5,139.13,66.25238095238095,182.36666666666667,184.83,182.75,87.02380952380952,194.61333333333334,195.5,194.63,92.68095238095238,114.4,118.6,110.94,52.82857142857142,199.04666666666665,199.46,198.94,799.47
14-02 04:31,473a1aa676e43996b2a12e6fe3c8cb844355ef57,136,0.0,False,0.999,1.0,0.5,"[4, 16, 256, 2]",0.001,600,0.22749999999999998,10,7,True,True,0.4,2,39.553333333333335,41.51,38.35,800.0,136.11333333333334,139.85,130.39,62.09047619047618,198.45333333333335,200.0,198.65,800.0,192.28,193.59,191.35,800.0,188.57333333333332,189.91,186.88,800.0,200.0,200.0,200.0,800.0,200.0,200.0,200.0,800.0,80.63333333333334,84.27,80.28,38.22857142857143,140.81333333333333,141.39,136.45,64.97619047619047,155.78,159.56,153.77,73.22380952380952,152.18666666666667,157.62,143.09,68.13809523809523,158.38,162.2,153.26,72.98095238095237,137.32,139.09,129.5,61.666666666666664,179.54666666666665,180.52,178.11,84.81428571428572,200.0,200.0,200.0,800.0
14-02 04:58,473a1aa676e43996b2a12e6fe3c8cb844355ef57,136,0.375,False,0.999,0.875,0.75,"[4, 8, 16, 32, 2]",0.001,600,0.22749999999999998,105,10,True,True,0.4,2,80.90666666666667,82.77,77.71,37.0047619047619,9.393333333333333,9.45,9.37,4.461904761904761,90.16,91.5,87.57,41.699999999999996,156.80666666666667,161.27,154.21,73.43333333333334,116.24,118.96,115.09,54.804761904761904,112.80666666666667,116.58,111.51,53.1,148.91333333333333,152.14,147.01,70.00476190476189,9.54,9.56,9.5,4.523809523809524,9.633333333333333,9.69,9.56,4.552380952380952,9.56,9.6,9.51,4.5285714285714285,14.686666666666667,14.5,13.69,6.519047619047618,27.526666666666667,30.21,28.14,13.4,41.78666666666667,43.38,40.36,19.21904761904762,58.08,61.47,56.72,27.00952380952381,61.78,64.18,60.68,28.895238095238096
14-02 04:58,473a1aa676e43996b2a12e6fe3c8cb844355ef57,136,0.375,False,0.999,0.875,0.75,"[4, 8, 16, 32, 2]",0.001,600,0.22749999999999998,105,10,True,True,0.4,2,74.78,77.52,72.66,34.599999999999994,9.24,9.25,9.17,4.366666666666666,87.26,88.28,84.45,40.214285714285715,104.16666666666667,104.97,101.28,48.22857142857143,102.8,103.9,99.76,47.50476190476191,106.28,109.63,103.92,49.48571428571429,110.86,111.29,108.44,51.63809523809523,9.326666666666666,9.34,9.26,4.409523809523809,9.366666666666667,9.46,9.35,4.452380952380952,9.273333333333333,9.31,9.25,4.404761904761904,13.206666666666667,14.04,12.78,6.085714285714285,22.5,24.0,22.37,10.652380952380952,32.28,32.81,31.64,15.066666666666666,43.89333333333333,45.06,43.43,20.68095238095238,63.38,65.82,62.67,29.84285714285714
14-02 05:30,473a1aa676e43996b2a12e6fe3c8cb844355ef57,94,0.25,False,0.995,0.875,0.875,"[4, 8, 16, 32, 64, 2]",0.001,1000,0.08249999999999999,10,5,False,True,0.5,2,193.92666666666668,194.61,193.32,1299.225,13.026666666666667,13.18,12.89,6.1380952380952385,199.75333333333333,200.0,199.71,1299.225,192.81333333333333,193.28,192.09,1299.225,199.17333333333335,199.14,198.83,1299.225,199.86666666666667,199.84,199.82,1299.225,199.07333333333332,199.14,198.91,1299.225,141.91333333333333,143.11,141.56,67.4095238095238,192.94,194.24,192.89,91.85238095238094,198.82666666666665,199.1,198.45,1299.225,194.27333333333334,194.74,193.46,1299.225,199.49333333333334,199.64,199.39,1299.225,199.54,199.62,199.44,1299.225,195.30666666666667,196.05,194.54,1299.225,200.0,200.0,200.0,1299.225
14-02 05:30,473a1aa676e43996b2a12e6fe3c8cb844355ef57,94,0.25,False,0.995,0.875,0.875,"[4, 8, 16, 32, 64, 2]",0.001,1000,0.08249999999999999,10,5,False,True,0.5,2,199.28,199.69,199.05,1097.45,11.173333333333334,11.33,11.16,5.314285714285714,176.36,177.7,175.59,1097.45,168.68,170.23,168.88,1097.45,193.62666666666667,194.22,192.74,1097.45,198.56666666666666,198.84,198.25,1097.45,199.61333333333334,199.76,199.5,1097.45,126.6,127.0,124.78,59.41904761904762,164.67333333333335,166.54,162.72,77.48571428571428,193.30666666666667,193.7,192.89,91.85238095238094,186.73333333333332,188.08,185.45,88.3095238095238,195.82,197.01,194.9,1097.45,170.1,170.77,169.31,1097.45,199.00666666666666,199.05,198.58,1097.45,195.32,196.53,195.28,1097.45
14-02 02:33,473a1aa676e43996b2a12e6fe3c8cb844355ef57,136,0.125,False,0.99,0.875,0.75,"[4, 16, 256, 2]",0.01,800,0.155,10,7,True,False,0.4,2,45.44,46.45,43.69,1298.09,96.48666666666666,99.27,94.32,44.91428571428571,200.0,200.0,200.0,1298.09,199.74666666666667,199.88,199.69,1298.09,59.66,61.48,59.78,1298.09,72.37333333333333,72.87,71.51,1298.09,76.93333333333334,76.8,73.92,1298.09,118.16,121.73,116.46,55.45714285714285,146.2,149.38,139.51,66.43333333333332,197.43333333333334,198.13,196.18,1298.09,173.85333333333332,175.16,171.84,1298.09,189.46666666666667,190.94,188.79,1298.09,199.69333333333333,199.77,199.66,1298.09,56.973333333333336,57.21,54.51,1298.09,106.32,108.0,102.83,1298.09
14-02 02:33,473a1aa676e43996b2a12e6fe3c8cb844355ef57,136,0.125,False,0.99,0.875,0.75,"[4, 16, 256, 2]",0.01,800,0.155,10,7,True,False,0.4,2,200.0,200.0,200.0,1599.64,199.52,199.28,199.28,1599.64,200.0,200.0,200.0,1599.64,186.72,187.51,184.47,1599.64,200.0,200.0,200.0,1599.64,191.31333333333333,192.41,191.31,1599.64,107.78,107.22,103.72,1599.64,136.64666666666668,138.15,132.7,1599.64,152.54,157.16,151.52,1599.64,124.94,130.09,118.56,1599.64,116.54,117.3,115.24,1599.64,167.20666666666668,170.17,163.0,1599.64,186.56666666666666,188.83,186.17,1599.64,85.26,89.86,84.43,1599.64,140.92,141.34,140.84,1599.64
14-02 06:26,473a1aa676e43996b2a12e6fe3c8cb844355ef57,178,0.25,False,0.99,0.625,0.5,"[4, 8, 16, 32, 2]",0.005,600,0.22749999999999998,10,2,True,True,0.2,2,118.80666666666667,122.33,113.47,54.03333333333333,9.72,9.81,9.7,4.619047619047619,135.88,142.42,134.14,63.876190476190466,105.26666666666667,107.2,99.29,47.280952380952385,9.24,9.32,9.23,4.395238095238096,93.06,93.62,89.74,42.73333333333333,86.94666666666667,87.02,84.23,40.10952380952381,63.74,64.12,63.54,30.257142857142856,13.24,13.35,13.11,6.242857142857142,47.42,47.84,46.86,22.314285714285713,113.07333333333334,116.08,108.89,51.85238095238095,95.34,98.5,94.03,44.77619047619047,96.88666666666667,100.16,95.97,45.699999999999996,125.52,124.78,120.4,57.333333333333336,63.2,65.18,62.12,29.58095238095238
14-02 06:26,473a1aa676e43996b2a12e6fe3c8cb844355ef57,178,0.25,False,0.99,0.625,0.5,"[4, 8, 16, 32, 2]",0.005,600,0.22749999999999998,10,2,True,True,0.2,2,165.09333333333333,167.99,158.3,75.38095238095238,19.18,19.5,18.47,8.795238095238094,108.76666666666667,110.97,107.46,51.171428571428564,136.66666666666666,147.0,130.78,62.27619047619047,67.96,70.37,68.07,32.41428571428571,198.82666666666665,199.32,198.24,299.12,119.05333333333333,121.16,117.01,299.12,46.52,47.13,44.86,21.36190476190476,47.60666666666667,48.07,47.29,22.51904761904762,93.84666666666666,97.3,91.98,43.8,90.08,91.15,86.73,41.3,123.53333333333333,125.26,122.55,58.357142857142854,146.48,148.66,142.8,68.0,178.34666666666666,180.52,171.27,81.55714285714286,101.16666666666667,102.89,96.35,45.88095238095238
14-02 06:40,473a1aa676e43996b2a12e6fe3c8cb844355ef57,52,0.25,False,0.999,1.0,0.5,"[4, 8, 16, 32, 64, 2]",0.005,200,0.22749999999999998,10,2,True,False,0.2,2,185.7,189.45,185.77,88.46190476190476,147.25333333333333,150.63,143.31,68.24285714285715,115.58666666666667,118.25,112.58,53.60952380952381,118.69333333333333,118.84,117.26,55.838095238095235,132.70666666666668,135.5,131.7,62.71428571428571,192.61333333333334,193.32,191.45,91.16666666666666,200.0,200.0,200.0,200.0,163.16,163.98,161.06,76.6952380952381,106.46,108.72,106.05,50.5,112.54666666666667,118.58,112.6,53.61904761904761,98.57333333333334,99.91,97.07,46.22380952380952,122.30666666666667,123.4,118.77,56.55714285714285,144.94666666666666,146.49,138.91,66.14761904761905,123.72,124.52,120.3,57.285714285714285,141.74,142.2,139.98,66.65714285714284
14-02 06:40,473a1aa676e43996b2a12e6fe3c8cb844355ef57,52,0.25,False,0.999,1.0,0.5,"[4, 8, 16, 32, 64, 2]",0.005,200,0.22749999999999998,10,2,True,False,0.2,2,105.62666666666667,107.7,104.25,1600.0,200.0,200.0,200.0,1600.0,164.55333333333334,165.68,160.85,1600.0,169.01333333333332,173.18,168.44,1600.0,108.66666666666667,110.21,107.78,1600.0,137.74,141.69,135.15,1600.0,128.66,128.55,123.51,1600.0,87.64666666666666,89.57,87.05,1600.0,84.89333333333333,85.7,82.54,1600.0,96.94666666666667,100.33,93.65,1600.0,108.90666666666667,113.09,106.76,1600.0,144.45333333333335,148.39,144.18,1600.0,175.54666666666665,177.1,174.26,1600.0,150.85333333333332,154.43,145.01,1600.0,141.12,144.42,140.02,1600.0
14-02 06:49,473a1aa676e43996b2a12e6fe3c8cb844355ef57,178,0.5,True,0.995,0.75,0.75,"[4, 8, 16, 32, 2]",0.005,600,0.22749999999999998,10,2,True,True,0.4,2,200.0,200.0,200.0,1199.525,118.74,121.48,115.6,55.047619047619044,200.0,200.0,200.0,1199.525,195.42666666666668,198.33,194.81,1199.525,191.04,193.91,188.37,1199.525,178.52,182.0,175.6,1199.525,199.16,198.91,198.74,1199.525,87.92,88.71,86.39,41.13809523809524,188.51333333333332,190.27,187.37,89.22380952380952,124.0,124.33,122.84,58.49523809523809,199.36666666666667,199.56,199.05,1199.525,179.91333333333333,181.0,177.98,1199.525,200.0,200.0,200.0,1199.525,200.0,200.0,200.0,1199.525,200.0,200.0,200.0,1199.525
14-02 06:49,473a1aa676e43996b2a12e6fe3c8cb844355ef57,178,0.5,True,0.995,0.75,0.75,"[4, 8, 16, 32, 2]",0.005,600,0.22749999999999998,10,2,True,True,0.4,2,200.0,200.0,200.0,1400.0,69.17333333333333,69.58,68.19,32.47142857142857,119.04,119.83,118.31,1400.0,139.13333333333333,138.52,131.0,1400.0,190.36,190.92,189.47,1400.0,198.24,199.14,197.36,1400.0,155.92666666666668,156.51,153.9,1400.0,185.68666666666667,185.78,183.26,87.26666666666667,200.0,200.0,200.0,1400.0,185.04666666666665,187.98,183.2,1400.0,142.40666666666667,141.95,139.47,1400.0,200.0,200.0,200.0,1400.0,200.0,200.0,200.0,1400.0,197.36,197.65,196.69,1400.0,200.0,200.0,200.0,1400.0
14-02 07:07,473a1aa676e43996b2a12e6fe3c8cb844355ef57,157,0.0,False,0.995,0.75,0.75,"[4, 8, 16, 32, 2]",0.005,400,0.22749999999999998,10,5,True,False,0.4,2,200.0,200.0,200.0,1000.0,83.82666666666667,85.75,80.6,38.38095238095238,22.513333333333332,23.17,21.31,1000.0,193.92,194.42,193.55,1000.0,200.0,200.0,200.0,1000.0,189.92666666666668,191.08,187.61,1000.0,188.42666666666668,189.78,188.24,1000.0,148.9,151.38,146.78,69.8952380952381,163.63333333333333,164.22,161.4,76.85714285714286,194.52666666666667,194.97,193.31,92.05238095238094,171.9,172.68,169.79,80.85238095238094,192.1,192.36,190.38,90.65714285714284,200.0,200.0,200.0,1000.0,200.0,200.0,200.0,1000.0,200.0,200.0,200.0,1000.0
14-02 07:07,473a1aa676e43996b2a12e6fe3c8cb844355ef57,157,0.0,False,0.995,0.75,0.75,"[4, 8, 16, 32, 2]",0.005,400,0.22749999999999998,10,5,True,False,0.4,2,200.0,200.0,200.0,1500.0,78.89333333333333,80.17,78.8,37.52380952380952,190.39333333333335,191.76,189.27,1500.0,200.0,200.0,200.0,1500.0,156.30666666666667,156.97,154.09,1500.0,200.0,200.0,200.0,1500.0,197.31333333333333,197.82,196.77,1500.0,200.0,200.0,200.0,1500.0,190.29333333333332,191.46,189.68,1500.0,200.0,200.0,200.0,1500.0,200.0,200.0,200.0,1500.0,200.0,200.0,200.0,1500.0,200.0,200.0,200.0,1500.0,122.41333333333333,124.27,121.39,1500.0,199.88666666666666,199.94,199.87,1500.0
14-02 07:34,473a1aa676e43996b2a12e6fe3c8cb844355ef57,115,0.125,False,0.995,1.0,0.5,"[4, 8, 16, 32, 64, 2]",0.005,600,0.22749999999999998,10,10,False,False,0.4,2,160.21333333333334,160.87,159.67,76.03333333333332,37.72,37.87,37.42,17.81904761904762,141.72,142.52,141.49,67.37619047619047,199.94,199.98,199.91,499.955,104.17333333333333,104.44,103.61,499.955,99.93333333333334,100.02,99.66,499.955,96.94,96.62,95.7,499.955,142.96666666666667,143.31,139.8,66.57142857142857,171.78666666666666,173.51,170.38,81.13333333333333,98.09333333333333,98.14,97.64,46.49523809523809,47.68666666666667,48.28,45.9,21.857142857142854,113.79333333333334,114.29,113.8,54.19047619047619,130.3,130.73,129.99,61.9,99.90666666666667,100.23,99.87,47.55714285714286,137.8,138.25,137.18,65.32380952380953
14-02 07:34,473a1aa676e43996b2a12e6fe3c8cb844355ef57,115,0.125,False,0.995,1.0,0.5,"[4, 8, 16, 32, 64, 2]",0.005,600,0.22749999999999998,10,10,False,False,0.4,2,178.15333333333334,180.21,175.71,83.67142857142858,81.74,83.9,81.62,38.86666666666667,94.82666666666667,94.98,94.54,45.01904761904762,109.05333333333333,109.03,108.67,51.74761904761905,172.93333333333334,173.54,171.98,81.89523809523808,104.0,104.24,103.84,49.44761904761905,9.346666666666666,9.44,9.28,4.4190476190476184,105.28,105.47,104.07,49.55714285714285,110.21333333333334,110.16,109.62,52.2,177.77333333333334,177.92,176.57,84.08095238095237,9.806666666666667,9.81,9.71,4.623809523809524,131.01333333333332,131.52,130.6,62.19047619047618,117.20666666666666,117.74,116.55,55.49999999999999,126.31333333333333,126.69,126.16,60.07619047619047,114.96,115.3,114.56,54.55238095238095
14-02 08:09,473a1aa676e43996b2a12e6fe3c8cb844355ef57,115,0.0,False,0.995,1.0,0.5,"[4, 8, 16, 32, 2]",0.001,600,0.22749999999999998,57,7,True,True,0.4,2,81.94,83.67,81.11,38.62380952380952,10.26,10.24,10.11,4.814285714285714,82.90666666666667,87.15,83.05,39.547619047619044,88.87333333333333,93.62,90.04,42.87619047619048,92.27333333333333,95.82,91.38,43.51428571428571,95.72666666666667,101.84,95.97,45.699999999999996,99.19333333333333,102.65,94.39,44.94761904761904,9.52,9.57,9.48,4.514285714285714,18.8,19.48,17.81,8.48095238095238,33.46666666666667,35.01,33.12,15.771428571428569,46.24666666666667,46.58,43.59,20.757142857142856,67.24666666666667,68.28,66.21,31.528571428571425,78.28666666666666,78.74,77.31,36.81428571428572,77.36666666666666,78.08,76.01,36.195238095238096,79.91333333333333,82.43,75.64,36.01904761904762
14-02 08:09,473a1aa676e43996b2a12e6fe3c8cb844355ef57,115,0.0,False,0.995,1.0,0.5,"[4, 8, 16, 32, 2]",0.001,600,0.22749999999999998,57,7,True,True,0.4,2,142.0,149.42,142.26,67.74285714285713,10.42,10.5,10.37,4.938095238095237,98.5,100.34,94.88,45.18095238095238,107.88,118.6,109.2,52.0,89.38,92.71,88.31,42.05238095238095,118.22,127.17,113.22,53.91428571428571,147.56,151.97,145.4,69.23809523809524,9.386666666666667,9.48,9.4,4.476190476190476,12.433333333333334,12.57,11.63,5.538095238095238,15.313333333333333,15.72,15.07,7.1761904761904765,18.6,18.62,18.09,8.614285714285714,39.74666666666667,42.03,38.49,18.32857142857143,44.34,45.0,42.37,20.176190476190474,62.1,64.38,61.69,29.376190476190473,97.90666666666667,101.91,97.58,46.46666666666666
14-02 08:30,473a1aa676e43996b2a12e6fe3c8cb844355ef57,115,0.0,True,0.995,1.0,0.5,"[4, 8, 16, 32, 2]",0.001,1000,0.22749999999999998,10,7,True,False,0.4,2,146.2,146.62,146.02,1400.0,165.8,167.57,163.29,77.75714285714285,122.38666666666667,122.66,121.77,1400.0,200.0,200.0,200.0,1400.0,164.69333333333333,170.76,156.14,1400.0,200.0,200.0,200.0,1400.0,200.0,200.0,200.0,1400.0,112.29333333333334,114.69,111.46,53.07619047619047,200.0,200.0,200.0,1400.0,200.0,200.0,200.0,1400.0,200.0,200.0,200.0,1400.0,195.78666666666666,196.44,194.95,1400.0,200.0,200.0,200.0,1400.0,200.0,200.0,200.0,1400.0,199.84,200.0,199.76,1400.0
14-02 08:30,473a1aa676e43996b2a12e6fe3c8cb844355ef57,115,0.0,True,0.995,1.0,0.5,"[4, 8, 16, 32, 2]",0.001,1000,0.22749999999999998,10,7,True,False,0.4,2,91.78,97.87,87.51,1600.0,200.0,200.0,200.0,1600.0,170.0,171.26,165.21,1600.0,113.20666666666666,115.36,110.25,1600.0,85.43333333333334,88.97,83.76,1600.0,79.48666666666666,82.37,78.11,1600.0,125.73333333333333,133.27,124.7,1600.0,169.48666666666668,171.82,167.29,1600.0,148.44666666666666,151.64,144.48,1600.0,193.76,197.47,192.42,1600.0,136.8,141.53,135.73,1600.0,61.093333333333334,62.07,60.66,1600.0,186.88,189.78,182.0,1600.0,182.06,183.23,176.99,1600.0,200.0,200.0,200.0,1600.0
14-02 08:59,473a1aa676e43996b2a12e6fe3c8cb844355ef57,136,0.375,False,0.995,0.75,0.875,"[4, 8, 16, 32, 64, 2]",0.001,400,0.3,57,10,True,True,0.30000000000000004,2,175.88,175.79,173.16,82.45714285714286,9.226666666666667,9.27,9.18,4.371428571428571,178.78666666666666,179.19,175.45,83.54761904761904,188.29333333333332,190.5,185.74,88.44761904761904,188.50666666666666,190.23,185.23,88.2047619047619,194.66666666666666,194.93,192.77,91.79523809523809,188.84,191.82,188.35,89.69047619047619,9.453333333333333,9.47,9.37,4.461904761904761,9.313333333333333,9.35,9.3,4.428571428571429,29.726666666666667,30.7,28.6,13.619047619047619,48.6,51.04,47.34,22.542857142857144,72.52666666666667,72.91,69.19,32.94761904761904,139.81333333333333,144.84,134.93,64.25238095238095,176.18,180.79,176.51,84.05238095238094,164.69333333333333,167.31,159.65,76.02380952380952
14-02 08:59,473a1aa676e43996b2a12e6fe3c8cb844355ef57,136,0.375,False,0.995,0.75,0.875,"[4, 8, 16, 32, 64, 2]",0.001,400,0.3,57,10,True,True,0.30000000000000004,2,109.28666666666666,111.04,105.12,50.05714285714286,9.573333333333334,9.63,9.53,4.538095238095238,123.20666666666666,126.85,122.06,58.12380952380952,112.39333333333333,114.15,109.1,51.95238095238095,110.00666666666666,113.74,108.14,51.49523809523809,107.49333333333334,109.06,106.29,50.614285714285714,112.42666666666666,115.9,110.53,52.63333333333333,9.246666666666666,9.32,9.16,4.3619047619047615,10.353333333333333,10.69,10.02,4.771428571428571,34.36,36.03,34.07,16.223809523809525,48.413333333333334,49.27,47.6,22.666666666666668,68.73333333333333,69.56,67.36,32.076190476190476,90.29333333333334,92.8,88.72,42.24761904761905,104.51333333333334,104.97,99.93,47.58571428571429,99.48666666666666,101.61,98.03,46.68095238095238
14-02 09:37,473a1aa676e43996b2a12e6fe3c8cb844355ef57,136,0.375,True,0.999,0.75,0.75,"[4, 8, 16, 32, 2]",0.001,200,0.22749999999999998,105,10,True,True,0.4,2,71.50666666666666,73.24,70.11,33.385714285714286,9.28,9.32,9.24,4.4,82.50666666666666,83.77,80.61,38.385714285714286,90.16,92.32,88.0,41.904761904761905,93.01333333333334,94.19,90.45,43.07142857142857,89.42666666666666,89.59,86.53,41.2047619047619,103.35333333333334,102.76,98.79,47.042857142857144,9.426666666666666,9.46,9.38,4.466666666666667,9.9,9.96,9.84,4.685714285714285,9.573333333333334,9.64,9.55,4.5476190476190474,9.633333333333333,9.66,9.56,4.552380952380952,10.206666666666667,10.32,9.94,4.7333333333333325,13.706666666666667,13.91,13.09,6.233333333333333,34.373333333333335,34.41,33.12,15.771428571428569,52.25333333333333,52.33,51.21,24.385714285714286
14-02 09:37,473a1aa676e43996b2a12e6fe3c8cb844355ef57,136,0.375,True,0.999,0.75,0.75,"[4, 8, 16, 32, 2]",0.001,200,0.22749999999999998,105,10,True,True,0.4,2,65.3,68.36,66.19,31.519047619047615,9.286666666666667,9.31,9.16,4.3619047619047615,71.1,72.04,69.78,33.22857142857143,85.61333333333333,86.93,84.3,40.14285714285714,112.29333333333334,112.69,109.11,51.957142857142856,119.0,120.92,116.48,55.46666666666667,122.72666666666667,127.07,122.73,58.44285714285714,9.72,9.71,9.47,4.5095238095238095,9.18,9.26,9.18,4.371428571428571,9.48,9.5,9.4,4.476190476190476,11.306666666666667,11.84,11.4,5.428571428571429,11.12,11.4,10.8,5.142857142857143,30.88,30.7,29.49,14.042857142857141,52.64666666666667,53.84,50.88,24.228571428571428,62.03333333333333,63.66,61.13,29.10952380952381
14-02 10:12,473a1aa676e43996b2a12e6fe3c8cb844355ef57,115,0.25,False,0.995,1.0,0.625,"[4, 8, 16, 32, 2]",0.005,600,0.22749999999999998,10,2,True,True,0.2,2,200.0,200.0,200.0,1300.0,99.24,100.36,96.71,46.05238095238095,198.42666666666668,198.53,197.83,1300.0,197.56,198.17,196.34,1300.0,200.0,200.0,200.0,1300.0,198.85333333333332,198.28,198.28,1300.0,200.0,200.0,200.0,1300.0,159.56666666666666,160.12,156.14,74.35238095238094,151.77333333333334,153.17,148.97,70.93809523809523,200.0,200.0,200.0,1300.0,200.0,200.0,200.0,1300.0,200.0,200.0,200.0,1300.0,200.0,200.0,200.0,1300.0,69.01333333333334,68.78,67.27,1300.0,200.0,200.0,200.0,1300.0
14-02 10:12,473a1aa676e43996b2a12e6fe3c8cb844355ef57,115,0.25,False,0.995,1.0,0.625,"[4, 8, 16, 32, 2]",0.005,600,0.22749999999999998,10,2,True,True,0.2,2,200.0,200.0,200.0,1100.0,90.46666666666667,92.22,89.34,42.542857142857144,200.0,200.0,200.0,1100.0,197.74666666666667,198.33,196.65,1100.0,191.67333333333335,192.18,189.2,1100.0,80.32,84.96,75.46,1100.0,200.0,200.0,200.0,1100.0,150.32,154.34,148.0,70.47619047619047,158.99333333333334,163.89,158.3,75.38095238095238,142.63333333333333,144.29,140.09,66.7095238095238,191.62,192.68,190.56,90.74285714285713,200.0,200.0,200.0,1100.0,200.0,200.0,200.0,1100.0,200.0,200.0,200.0,1100.0,198.48,198.85,198.09,1100.0
14-02 10:30,473a1aa676e43996b2a12e6fe3c8cb844355ef57,178,0.375,False,0.99,0.625,0.625,"[4, 8, 16, 32, 64, 2]",0.005,600,0.155,10,2,True,False,0.2,2,127.94,129.93,126.9,60.42857142857143,15.953333333333333,16.45,15.67,7.461904761904761,153.94666666666666,158.59,151.05,71.92857142857143,113.24,114.29,109.39,52.09047619047619,116.62,119.01,115.22,54.86666666666667,120.43333333333334,120.35,115.92,55.199999999999996,91.52,93.68,84.04,40.01904761904762,34.49333333333333,34.86,33.82,16.104761904761904,103.20666666666666,103.69,100.19,47.70952380952381,101.89333333333333,101.35,96.56,45.98095238095238,115.29333333333334,115.38,112.0,53.33333333333333,87.88666666666667,88.4,86.33,41.10952380952381,116.04,116.1,113.01,53.81428571428572,87.58,90.47,87.2,41.523809523809526,128.65333333333334,132.93,125.97,59.98571428571428
14-02 10:30,473a1aa676e43996b2a12e6fe3c8cb844355ef57,178,0.375,False,0.99,0.625,0.625,"[4, 8, 16, 32, 64, 2]",0.005,600,0.155,10,2,True,False,0.2,2,151.25333333333333,159.44,146.54,800.0,17.746666666666666,18.28,17.47,8.319047619047618,180.35333333333332,180.0,176.61,800.0,162.76,168.34,161.44,800.0,152.64,151.09,146.36,800.0,159.70666666666668,167.64,160.04,800.0,143.76666666666668,145.65,132.64,800.0,9.42,9.47,9.39,4.4714285714285715,103.97333333333333,106.4,102.55,48.83333333333333,110.38,114.38,110.08,52.41904761904762,141.43333333333334,141.95,137.75,65.59523809523809,34.913333333333334,35.09,33.99,16.185714285714287,142.80666666666667,147.53,143.17,68.17619047619047,71.11333333333333,72.8,69.58,33.13333333333333,200.0,200.0,200.0,800.0
13-02 23:31,473a1aa676e43996b2a12e6fe3c8cb844355ef57,115,0.375,True,0.995,0.75,0.875,"[4, 8, 16, 32, 2]",0.005,800,0.155,10,5,True,False,0.2,2,200.0,200.0,200.0,1200.0,71.09333333333333,72.69,70.78,33.7047619047619,200.0,200.0,200.0,1200.0,200.0,200.0,200.0,1200.0,110.67333333333333,110.69,101.24,1200.0,199.95333333333335,200.0,199.93,1200.0,200.0,200.0,200.0,1200.0,128.38666666666666,130.87,125.39,59.70952380952381,127.24666666666667,131.99,127.61,60.766666666666666,191.68,193.76,189.15,90.07142857142857,200.0,200.0,200.0,1200.0,200.0,200.0,200.0,1200.0,57.62,58.15,56.44,1200.0,102.28666666666666,105.63,97.2,1200.0,200.0,200.0,200.0,1200.0
13-02 23:31,473a1aa676e43996b2a12e6fe3c8cb844355ef57,115,0.375,True,0.995,0.75,0.875,"[4, 8, 16, 32, 2]",0.005,800,0.155,10,5,True,False,0.2,2,22.706666666666667,24.07,21.91,1400.0,61.38666666666666,62.59,61.29,29.185714285714283,194.07333333333332,193.87,192.19,1400.0,182.36,182.93,177.06,1400.0,195.34,198.22,194.77,1400.0,171.09333333333333,175.63,169.11,1400.0,200.0,200.0,200.0,1400.0,118.04,120.06,114.72,54.628571428571426,200.0,200.0,200.0,1400.0,200.0,200.0,200.0,1400.0,200.0,200.0,200.0,1400.0,200.0,200.0,200.0,1400.0,200.0,200.0,200.0,1400.0,182.86666666666667,182.9,181.97,1400.0,9.233333333333333,9.29,9.15,1400.0
14-02 11:10,473a1aa676e43996b2a12e6fe3c8cb844355ef57,94,0.25,True,0.995,0.875,0.875,"[4, 8, 16, 32, 2]",0.001,400,0.08249999999999999,10,7,True,False,0.5,2,200.0,200.0,200.0,1600.0,200.0,200.0,200.0,1600.0,59.8,60.38,59.22,1600.0,57.56666666666667,57.67,57.15,1600.0,84.84666666666666,84.63,82.65,1600.0,200.0,200.0,200.0,1600.0,200.0,200.0,200.0,1600.0,200.0,200.0,200.0,1600.0,200.0,200.0,200.0,1600.0,200.0,200.0,200.0,1600.0,200.0,200.0,200.0,1600.0,200.0,200.0,200.0,1600.0,200.0,200.0,200.0,1600.0,200.0,200.0,200.0,1600.0,200.0,200.0,200.0,1600.0
14-02 11:10,473a1aa676e43996b2a12e6fe3c8cb844355ef57,94,0.25,True,0.995,0.875,0.875,"[4, 8, 16, 32, 2]",0.001,400,0.08249999999999999,10,7,True,False,0.5,2,200.0,200.0,200.0,1299.945,70.84,71.38,69.89,33.28095238095238,200.0,200.0,200.0,1299.945,200.0,200.0,200.0,1299.945,200.0,200.0,200.0,1299.945,200.0,200.0,200.0,1299.945,200.0,200.0,200.0,1299.945,145.26,146.43,141.56,67.4095238095238,185.13333333333333,187.83,184.05,87.64285714285714,199.92666666666668,200.0,199.89,1299.945,200.0,200.0,200.0,1299.945,200.0,200.0,200.0,1299.945,200.0,200.0,200.0,1299.945,200.0,200.0,200.0,1299.945,200.0,200.0,200.0,1299.945
14-02 11:40,473a1aa676e43996b2a12e6fe3c8cb844355ef57,115,0.0,False,0.995,1.0,0.5,"[4, 8, 16, 32, 64, 2]",0.001,1000,0.22749999999999998,10,7,True,True,0.4,2,200.0,200.0,200.0,1199.17,120.58666666666667,121.09,116.9,55.666666666666664,200.0,200.0,200.0,1199.17,200.0,200.0,200.0,1199.17,200.0,200.0,200.0,1199.17,200.0,200.0,200.0,1199.17,200.0,200.0,200.0,1199.17,141.22666666666666,144.98,137.81,65.62380952380953,157.06,162.41,157.27,74.89047619047619,173.26666666666668,178.93,171.98,81.89523809523808,198.80666666666667,198.72,198.34,1199.17,184.31333333333333,187.45,183.22,1199.17,200.0,200.0,200.0,1199.17,200.0,200.0,200.0,1199.17,200.0,200.0,200.0,1199.17
14-02 11:40,473a1aa676e43996b2a12e6fe3c8cb844355ef57,115,0.0,False,0.995,1.0,0.5,"[4, 8, 16, 32, 64, 2]",0.001,1000,0.22749999999999998,10,7,True,True,0.4,2,81.37333333333333,83.58,79.52,998.355,98.53333333333333,103.71,96.55,45.976190476190474,92.38,93.49,91.24,998.355,200.0,200.0,200.0,998.355,77.69333333333333,81.15,74.73,998.355,191.22666666666666,193.23,188.39,998.355,200.0,200.0,200.0,998.355,108.40666666666667,109.94,104.02,49.53333333333333,111.62,114.26,109.15,51.976190476190474,106.18,107.23,103.19,49.13809523809523,136.42666666666668,139.47,133.48,63.561904761904756,133.9,137.8,132.24,62.971428571428575,197.35333333333332,197.9,196.71,998.355,195.68666666666667,196.06,194.94,998.355,200.0,200.0,200.0,998.355
14-02 12:10,473a1aa676e43996b2a12e6fe3c8cb844355ef57,94,0.125,True,0.995,0.875,0.875,"[4, 8, 16, 32, 2]",0.001,400,0.08249999999999999,10,5,True,True,0.5,2,200.0,200.0,200.0,1400.0,155.1,155.89,149.43,71.15714285714286,200.0,200.0,200.0,1400.0,200.0,200.0,200.0,1400.0,200.0,200.0,200.0,1400.0,200.0,200.0,200.0,1400.0,200.0,200.0,200.0,1400.0,181.09333333333333,185.4,179.35,85.4047619047619,200.0,200.0,200.0,1400.0,200.0,200.0,200.0,1400.0,200.0,200.0,200.0,1400.0,200.0,200.0,200.0,1400.0,200.0,200.0,200.0,1400.0,200.0,200.0,200.0,1400.0,200.0,200.0,200.0,1400.0
14-02 12:10,473a1aa676e43996b2a12e6fe3c8cb844355ef57,94,0.125,True,0.995,0.875,0.875,"[4, 8, 16, 32, 2]",0.001,400,0.08249999999999999,10,5,True,True,0.5,2,200.0,200.0,200.0,1197.415,138.28666666666666,139.99,136.31,64.9095238095238,200.0,200.0,200.0,1197.415,199.57333333333332,199.82,199.58,1197.415,200.0,200.0,200.0,1197.415,200.0,200.0,200.0,1197.415,200.0,200.0,200.0,1197.415,159.48666666666668,162.11,158.81,75.62380952380953,180.46666666666667,183.73,176.67,84.12857142857142,189.27333333333334,190.83,188.79,89.89999999999999,195.08,195.87,194.83,1197.415,199.31333333333333,199.6,199.17,1197.415,198.18666666666667,198.39,197.83,1197.415,199.98,199.99,199.97,1197.415,200.0,200.0,200.0,1197.415
14-02 02:33,473a1aa676e43996b2a12e6fe3c8cb844355ef57,136,0.125,False,0.99,0.875,0.75,"[4, 16, 256, 2]",0.01,800,0.155,10,7,True,False,0.4,2,200.0,200.0,200.0,1300.0,70.48,70.66,68.27,32.509523809523806,97.52,97.76,94.29,1300.0,75.08,77.49,73.91,1300.0,131.35333333333332,132.92,124.8,1300.0,90.68,91.97,89.55,1300.0,165.61333333333334,173.81,161.92,1300.0,80.32,83.46,79.43,37.82380952380952,163.84,171.83,163.29,77.75714285714285,200.0,200.0,200.0,1300.0,198.12,198.99,197.9,1300.0,200.0,200.0,200.0,1300.0,200.0,200.0,200.0,1300.0,200.0,200.0,200.0,1300.0,106.00666666666666,104.96,100.76,1300.0
14-02 02:33,473a1aa676e43996b2a12e6fe3c8cb844355ef57,136,0.125,False,0.99,0.875,0.75,"[4, 16, 256, 2]",0.01,800,0.155,10,7,True,False,0.4,2,200.0,200.0,200.0,798.205,105.32,109.34,103.6,49.33333333333333,200.0,200.0,200.0,798.205,87.57333333333334,90.42,85.27,798.205,129.68,131.27,124.92,798.205,182.48,183.13,180.56,798.205,38.12,39.47,36.59,798.205,124.35333333333334,125.66,118.39,56.37619047619047,122.12666666666667,124.91,116.89,55.66190476190476,106.24666666666667,114.62,106.4,50.666666666666664,143.76666666666668,144.49,138.5,65.95238095238095,146.28666666666666,149.51,143.85,68.5,147.68666666666667,151.08,145.55,69.30952380952381,166.19333333333333,172.05,162.83,77.53809523809524,197.60666666666665,199.86,196.41,798.205
14-02 13:09,473a1aa676e43996b2a12e6fe3c8cb844355ef57,94,0.25,True,0.995,1.0,0.875,"[4, 16, 256, 2]",0.001,400,0.155,10,5,True,False,0.5,2,200.0,200.0,200.0,1100.0,118.95333333333333,122.08,118.81,56.576190476190476,200.0,200.0,200.0,1100.0,200.0,200.0,200.0,1100.0,200.0,200.0,200.0,1100.0,191.94666666666666,194.43,191.25,1100.0,200.0,200.0,200.0,1100.0,145.57333333333332,149.96,143.03,68.10952380952381,147.50666666666666,146.95,144.85,68.97619047619047,178.48,180.11,176.04,83.82857142857142,189.58666666666667,191.19,189.83,90.3952380952381,200.0,200.0,200.0,1100.0,200.0,200.0,200.0,1100.0,200.0,200.0,200.0,1100.0,200.0,200.0,200.0,1100.0
14-02 13:09,473a1aa676e43996b2a12e6fe3c8cb844355ef57,94,0.25,True,0.995,1.0,0.875,"[4, 16, 256, 2]",0.001,400,0.155,10,5,True,False,0.5,2,200.0,200.0,200.0,1299.02,93.38,94.89,91.81,43.71904761904762,200.0,200.0,200.0,1299.02,200.0,200.0,200.0,1299.02,200.0,200.0,200.0,1299.02,200.0,200.0,200.0,1299.02,200.0,200.0,200.0,1299.02,151.07333333333332,156.17,150.83,71.82380952380953,191.48666666666668,193.17,190.99,90.94761904761904,198.35333333333332,199.05,198.04,1299.02,200.0,200.0,200.0,1299.02,200.0,200.0,200.0,1299.02,200.0,200.0,200.0,1299.02,200.0,200.0,200.0,1299.02,200.0,200.0,200.0,1299.02
14-02 13:34,473a1aa676e43996b2a12e6fe3c8cb844355ef57,136,0.125,True,0.99,0.875,0.75,"[4, 8, 16, 32, 2]",0.01,800,0.155,10,7,False,True,0.4,2,198.68,198.94,198.47,1500.0,18.28,18.33,18.07,8.604761904761904,193.84666666666666,194.22,193.15,1500.0,173.6,174.55,173.24,1500.0,133.75333333333333,133.85,133.21,1500.0,99.99333333333334,100.25,99.87,1500.0,118.66,119.05,118.51,1500.0,200.0,200.0,200.0,1500.0,199.96,199.99,199.94,1500.0,196.53333333333333,196.66,195.83,1500.0,107.7,107.87,107.5,1500.0,200.0,200.0,200.0,1500.0,200.0,200.0,200.0,1500.0,112.76666666666667,112.86,112.36,1500.0,199.98,200.0,199.97,1500.0
